,DOPC Outer,DOPC Inner,POPC Outer,POPC Inner
1,2774,2550,2794,2540
2,2759,2565,2807,2527
3,2793,2531,2790,2544
4,2771,2553,2829,2505
5,2774,2550,2773,2561
6,2717,2607,2817,2517
7,2749,2575,2778,2556
8,2783,2541,2820,2514
9,2754,2570,2843,2491
10,2778,2546,2862,2472
11,2797,2527,2807,2527
12,2779,2545,2790,2544
13,2811,2513,2830,2504
14,2773,2551,2821,2513
15,2768,2556,2810,2524
16,2804,2520,2823,2511
17,2761,2563,2833,2501
18,2786,2538,2810,2524
19,2819,2505,2788,2546
20,2753,2571,2775,2559
21,2778,2546,2802,2532
22,2771,2553,2808,2526
23,2753,2571,2796,2538
24,2751,2573,2785,2549
25,2720,2604,2817,2517
26,2768,2556,2796,2538
27,2774,2550,2779,2555
28,2749,2575,2757,2577
29,2777,2547,2774,2560
30,2796,2528,2763,2571
31,2745,2579,2815,2519
32,2780,2544,2761,2573
33,2791,2533,2787,2547
34,2779,2545,2815,2519
35,2766,2558,2826,2508
36,2756,2568,2792,2542
37,2785,2539,2793,2541
38,2787,2537,2808,2526
39,2792,2532,2806,2528
40,2764,2560,2816,2518
41,2775,2549,2807,2527
42,2762,2562,2805,2529
43,2781,2543,2816,2518
44,2758,2566,2793,2541
45,2771,2553,2798,2536
46,2758,2566,2792,2542
47,2769,2555,2813,2521
48,2778,2546,2802,2532
49,2753,2571,2765,2569
50,2760,2564,2770,2564
51,2771,2553,2779,2555
52,2767,2557,2814,2520
53,2778,2546,2797,2537
54,2799,2525,2796,2538
55,2783,2541,2816,2518
56,2748,2576,2785,2549
57,2756,2568,2788,2546
58,2762,2562,2788,2546
59,2753,2571,2776,2558
60,2775,2549,2796,2538
61,2746,2578,2794,2540
62,2753,2571,2783,2551
63,2768,2556,2824,2510
64,2766,2558,2793,2541
65,2757,2567,2799,2535
66,2742,2582,2780,2554
67,2772,2552,2807,2527
68,2759,2565,2819,2515
69,2749,2575,2762,2572
70,2783,2541,2759,2575
71,2784,2540,2752,2582
72,2740,2584,2794,2540
73,2775,2549,2778,2556
74,2773,2551,2788,2546
75,2774,2550,2766,2568
76,2758,2566,2763,2571
77,2788,2536,2750,2584
78,2771,2553,2781,2553
79,2758,2566,2796,2538
80,2738,2586,2792,2542
81,2778,2546,2772,2562
82,2763,2561,2778,2556
83,2838,2486,2786,2548
84,2766,2558,2772,2562
85,2805,2519,2781,2553
86,2776,2548,2760,2574
87,2772,2552,2743,2591
88,2846,2478,2800,2534
89,2758,2566,2794,2540
90,2799,2525,2785,2549
91,2788,2536,2784,2550
92,2814,2510,2785,2549
93,2796,2528,2768,2566
94,2820,2504,2729,2605
95,2773,2551,2775,2559
96,2755,2569,2763,2571
97,2797,2527,2750,2584
98,2788,2536,2806,2528
99,2791,2533,2781,2553
100,2781,2543,2766,2568
101,2802,2522,2770,2564
102,2811,2513,2770,2564
103,2759,2565,2747,2587
104,2796,2528,2778,2556
105,2793,2531,2737,2597
106,2830,2494,2784,2550
107,2815,2509,2775,2559
108,2798,2526,2772,2562
109,2804,2520,2765,2569
110,2783,2541,2775,2559
111,2802,2522,2806,2528
112,2827,2497,2787,2547
113,2772,2552,2803,2531
114,2770,2554,2767,2567
115,2812,2512,2764,2570
116,2761,2563,2799,2535
117,2816,2508,2754,2580
118,2782,2542,2750,2584
119,2756,2568,2792,2542
120,2759,2565,2765,2569
121,2779,2545,2737,2597
122,2777,2547,2780,2554
123,2761,2563,2767,2567
124,2778,2546,2790,2544
125,2783,2541,2783,2551
126,2833,2491,2765,2569
127,2824,2500,2772,2562
128,2789,2535,2765,2569
129,2773,2551,2793,2541
130,2796,2528,2775,2559
131,2828,2496,2803,2531
132,2793,2531,2768,2566
133,2805,2519,2792,2542
134,2806,2518,2778,2556
135,2790,2534,2761,2573
136,2756,2568,2755,2579
137,2784,2540,2772,2562
138,2768,2556,2813,2521
139,2772,2552,2761,2573
140,2796,2528,2785,2549
141,2759,2565,2735,2599
142,2806,2518,2774,2560
143,2771,2553,2773,2561
144,2792,2532,2748,2586
145,2777,2547,2771,2563
146,2777,2547,2780,2554
147,2767,2557,2777,2557
148,2804,2520,2799,2535
149,2754,2570,2759,2575
150,2773,2551,2802,2532
151,2766,2558,2754,2580
152,2763,2561,2748,2586
153,2750,2574,2802,2532
154,2783,2541,2759,2575
155,2776,2548,2805,2529
156,2779,2545,2792,2542
157,2757,2567,2796,2538
158,2772,2552,2785,2549
159,2750,2574,2814,2520
160,2756,2568,2780,2554
161,2768,2556,2767,2567
162,2771,2553,2807,2527
163,2797,2527,2802,2532
164,2799,2525,2791,2543
165,2771,2553,2752,2582
166,2753,2571,2763,2571
167,2766,2558,2787,2547
168,2796,2528,2781,2553
169,2758,2566,2785,2549
170,2781,2543,2802,2532
171,2791,2533,2773,2561
172,2765,2559,2769,2565
173,2740,2584,2753,2581
174,2774,2550,2786,2548
175,2783,2541,2789,2545
176,2748,2576,2762,2572
177,2792,2532,2743,2591
178,2748,2576,2751,2583
179,2770,2554,2817,2517
180,2784,2540,2817,2517
181,2760,2564,2768,2566
182,2773,2551,2818,2516
183,2760,2564,2791,2543
184,2728,2596,2755,2579
185,2747,2577,2770,2564
186,2755,2569,2795,2539
187,2751,2573,2785,2549
188,2813,2511,2792,2542
189,2760,2564,2774,2560
190,2760,2564,2749,2585
191,2751,2573,2792,2542
192,2729,2595,2788,2546
193,2767,2557,2792,2542
194,2773,2551,2790,2544
195,2812,2512,2776,2558
196,2803,2521,2809,2525
197,2795,2529,2792,2542
198,2768,2556,2780,2554
199,2737,2587,2803,2531
200,2759,2565,2805,2529
201,2754,2570,2802,2532
202,2743,2581,2781,2553
203,2776,2548,2787,2547
204,2719,2605,2808,2526
205,2755,2569,2776,2558
206,2758,2566,2742,2592
207,2772,2552,2795,2539
208,2761,2563,2770,2564
209,2767,2557,2780,2554
210,2767,2557,2780,2554
211,2788,2536,2793,2541
212,2806,2518,2835,2499
213,2775,2549,2818,2516
214,2757,2567,2799,2535
215,2748,2576,2806,2528
216,2722,2602,2800,2534
217,2752,2572,2778,2556
218,2756,2568,2769,2565
219,2768,2556,2770,2564
220,2776,2548,2797,2537
221,2779,2545,2776,2558
222,2775,2549,2782,2552
223,2758,2566,2807,2527
224,2782,2542,2762,2572
225,2764,2560,2782,2552
226,2765,2559,2774,2560
227,2764,2560,2757,2577
228,2791,2533,2773,2561
229,2727,2597,2800,2534
230,2736,2588,2779,2555
231,2767,2557,2815,2519
232,2758,2566,2770,2564
233,2753,2571,2777,2557
234,2739,2585,2835,2499
235,2795,2529,2774,2560
236,2793,2531,2812,2522
237,2805,2519,2810,2524
238,2755,2569,2834,2500
239,2788,2536,2818,2516
240,2751,2573,2798,2536
241,2748,2576,2768,2566
242,2745,2579,2819,2515
243,2765,2559,2801,2533
244,2735,2589,2810,2524
245,2758,2566,2805,2529
246,2755,2569,2820,2514
247,2729,2595,2802,2532
248,2768,2556,2813,2521
249,2726,2598,2804,2530
250,2726,2598,2802,2532
251,2803,2521,2783,2551
252,2766,2558,2827,2507
253,2784,2540,2825,2509
254,2744,2580,2810,2524
255,2786,2538,2805,2529
256,2784,2540,2790,2544
257,2746,2578,2834,2500
258,2771,2553,2806,2528
259,2765,2559,2819,2515
260,2740,2584,2812,2522
261,2713,2611,2796,2538
262,2717,2607,2756,2578
263,2760,2564,2813,2521
264,2749,2575,2801,2533
265,2759,2565,2830,2504
266,2752,2572,2800,2534
267,2765,2559,2801,2533
268,2760,2564,2773,2561
269,2798,2526,2791,2543
270,2765,2559,2801,2533
271,2746,2578,2793,2541
272,2779,2545,2775,2559
273,2784,2540,2816,2518
274,2766,2558,2780,2554
275,2752,2572,2792,2542
276,2756,2568,2781,2553
277,2769,2555,2777,2557
278,2753,2571,2796,2538
279,2773,2551,2843,2491
280,2726,2598,2797,2537
281,2758,2566,2793,2541
282,2790,2534,2798,2536
283,2758,2566,2820,2514
284,2804,2520,2786,2548
285,2773,2551,2809,2525
286,2745,2579,2782,2552
287,2779,2545,2806,2528
288,2769,2555,2773,2561
289,2780,2544,2828,2506
290,2768,2556,2784,2550
291,2795,2529,2781,2553
292,2805,2519,2784,2550
293,2775,2549,2765,2569
294,2752,2572,2752,2582
295,2743,2581,2794,2540
296,2763,2561,2801,2533
297,2789,2535,2774,2560
298,2776,2548,2786,2548
299,2773,2551,2817,2517
300,2769,2555,2795,2539
301,2800,2524,2840,2494
302,2804,2520,2821,2513
303,2766,2558,2760,2574
304,2757,2567,2807,2527
305,2771,2553,2787,2547
306,2768,2556,2798,2536
307,2780,2544,2826,2508
308,2774,2550,2799,2535
309,2771,2553,2793,2541
310,2790,2534,2806,2528
311,2755,2569,2770,2564
312,2806,2518,2790,2544
313,2787,2537,2797,2537
314,2786,2538,2741,2593
315,2741,2583,2782,2552
316,2764,2560,2767,2567
317,2761,2563,2781,2553
318,2773,2551,2783,2551
319,2739,2585,2786,2548
320,2784,2540,2798,2536
321,2752,2572,2740,2594
322,2754,2570,2761,2573
323,2751,2573,2775,2559
324,2799,2525,2802,2532
325,2774,2550,2754,2580
326,2742,2582,2773,2561
327,2745,2579,2786,2548
328,2735,2589,2769,2565
329,2751,2573,2777,2557
330,2768,2556,2832,2502
331,2817,2507,2818,2516
332,2746,2578,2782,2552
333,2783,2541,2804,2530
334,2751,2573,2807,2527
335,2775,2549,2771,2563
336,2758,2566,2766,2568
337,2730,2594,2785,2549
338,2761,2563,2775,2559
339,2746,2578,2769,2565
340,2772,2552,2777,2557
341,2771,2553,2807,2527
342,2763,2561,2790,2544
343,2725,2599,2794,2540
344,2757,2567,2773,2561
345,2734,2590,2814,2520
346,2748,2576,2798,2536
347,2760,2564,2778,2556
348,2816,2508,2831,2503
349,2773,2551,2747,2587
350,2768,2556,2812,2522
351,2773,2551,2747,2587
352,2796,2528,2801,2533
353,2800,2524,2802,2532
354,2758,2566,2780,2554
355,2784,2540,2794,2540
356,2758,2566,2817,2517
357,2752,2572,2767,2567
358,2757,2567,2803,2531
359,2754,2570,2811,2523
360,2768,2556,2799,2535
361,2770,2554,2794,2540
362,2812,2512,2809,2525
363,2755,2569,2781,2553
364,2751,2573,2774,2560
365,2794,2530,2785,2549
366,2777,2547,2772,2562
367,2789,2535,2776,2558
368,2828,2496,2792,2542
369,2803,2521,2792,2542
370,2754,2570,2817,2517
371,2774,2550,2778,2556
372,2804,2520,2755,2579
373,2778,2546,2759,2575
374,2808,2516,2745,2589
375,2751,2573,2757,2577
376,2771,2553,2778,2556
377,2782,2542,2770,2564
378,2755,2569,2755,2579
379,2769,2555,2755,2579
380,2761,2563,2792,2542
381,2791,2533,2770,2564
382,2769,2555,2783,2551
383,2785,2539,2784,2550
384,2779,2545,2769,2565
385,2773,2551,2784,2550
386,2743,2581,2792,2542
387,2777,2547,2775,2559
388,2745,2579,2776,2558
389,2786,2538,2737,2597
390,2792,2532,2810,2524
391,2779,2545,2763,2571
392,2746,2578,2798,2536
393,2808,2516,2773,2561
394,2775,2549,2783,2551
395,2747,2577,2818,2516
396,2755,2569,2772,2562
397,2753,2571,2744,2590
398,2773,2551,2766,2568
399,2768,2556,2774,2560
400,2770,2554,2774,2560
401,2790,2534,2786,2548
402,2787,2537,2766,2568
403,2783,2541,2767,2567
404,2753,2571,2784,2550
405,2784,2540,2814,2520
406,2784,2540,2779,2555
407,2719,2605,2738,2596
408,2711,2613,2785,2549
409,2826,2498,2799,2535
410,2764,2560,2795,2539
411,2788,2536,2795,2539
412,2763,2561,2780,2554
413,2750,2574,2786,2548
414,2768,2556,2784,2550
415,2789,2535,2737,2597
416,2764,2560,2749,2585
417,2745,2579,2782,2552
418,2769,2555,2748,2586
419,2803,2521,2758,2576
420,2806,2518,2761,2573
421,2772,2552,2804,2530
422,2761,2563,2782,2552
423,2770,2554,2790,2544
424,2779,2545,2793,2541
425,2767,2557,2778,2556
426,2764,2560,2771,2563
427,2798,2526,2776,2558
428,2783,2541,2758,2576
429,2762,2562,2818,2516
430,2789,2535,2771,2563
431,2775,2549,2765,2569
432,2804,2520,2760,2574
433,2779,2545,2785,2549
434,2748,2576,2790,2544
435,2768,2556,2760,2574
436,2779,2545,2764,2570
437,2775,2549,2764,2570
438,2816,2508,2766,2568
439,2816,2508,2794,2540
440,2792,2532,2768,2566
441,2813,2511,2807,2527
442,2776,2548,2748,2586
443,2776,2548,2787,2547
444,2783,2541,2763,2571
445,2767,2557,2784,2550
446,2771,2553,2795,2539
447,2772,2552,2744,2590
448,2762,2562,2754,2580
449,2795,2529,2783,2551
450,2743,2581,2789,2545
451,2777,2547,2803,2531
452,2789,2535,2794,2540
453,2758,2566,2768,2566
454,2770,2554,2748,2586
455,2811,2513,2777,2557
456,2779,2545,2788,2546
457,2778,2546,2740,2594
458,2773,2551,2775,2559
459,2782,2542,2774,2560
460,2792,2532,2785,2549
461,2773,2551,2765,2569
462,2807,2517,2747,2587
463,2733,2591,2758,2576
464,2762,2562,2776,2558
465,2766,2558,2802,2532
466,2795,2529,2786,2548
467,2757,2567,2788,2546
468,2769,2555,2774,2560
469,2780,2544,2756,2578
470,2765,2559,2771,2563
471,2781,2543,2812,2522
472,2808,2516,2742,2592
473,2790,2534,2784,2550
474,2767,2557,2758,2576
475,2778,2546,2753,2581
476,2771,2553,2759,2575
477,2789,2535,2757,2577
478,2780,2544,2776,2558
479,2729,2595,2771,2563
480,2768,2556,2795,2539
481,2775,2549,2780,2554
482,2751,2573,2801,2533
483,2765,2559,2757,2577
484,2774,2550,2782,2552
485,2804,2520,2792,2542
486,2798,2526,2817,2517
487,2798,2526,2795,2539
488,2746,2578,2793,2541
489,2802,2522,2780,2554
490,2772,2552,2749,2585
491,2773,2551,2798,2536
492,2725,2599,2762,2572
493,2738,2586,2801,2533
494,2779,2545,2799,2535
495,2796,2528,2770,2564
496,2809,2515,2806,2528
497,2774,2550,2840,2494
498,2790,2534,2797,2537
499,2765,2559,2809,2525
500,2806,2518,2806,2528
501,2768,2556,2811,2523
502,2733,2591,2793,2541
503,2752,2572,2768,2566
504,2807,2517,2790,2544
505,2764,2560,2752,2582
506,2794,2530,2801,2533
507,2775,2549,2759,2575
508,2793,2531,2770,2564
509,2742,2582,2809,2525
510,2747,2577,2762,2572
511,2776,2548,2783,2551
512,2770,2554,2763,2571
513,2759,2565,2781,2553
514,2798,2526,2746,2588
515,2785,2539,2780,2554
516,2777,2547,2777,2557
517,2771,2553,2785,2549
518,2789,2535,2785,2549
519,2783,2541,2750,2584
520,2765,2559,2786,2548
521,2756,2568,2773,2561
522,2765,2559,2774,2560
523,2770,2554,2802,2532
524,2826,2498,2825,2509
525,2782,2542,2771,2563
526,2752,2572,2776,2558
527,2791,2533,2787,2547
528,2790,2534,2779,2555
529,2797,2527,2784,2550
530,2753,2571,2798,2536
531,2796,2528,2797,2537
532,2776,2548,2786,2548
533,2792,2532,2748,2586
534,2779,2545,2762,2572
535,2788,2536,2769,2565
536,2772,2552,2781,2553
537,2803,2521,2776,2558
538,2794,2530,2774,2560
539,2812,2512,2757,2577
540,2784,2540,2766,2568
541,2804,2520,2772,2562
542,2759,2565,2805,2529
543,2796,2528,2774,2560
544,2800,2524,2783,2551
545,2758,2566,2767,2567
546,2807,2517,2799,2535
547,2794,2530,2798,2536
548,2791,2533,2794,2540
549,2774,2550,2778,2556
550,2802,2522,2775,2559
551,2810,2514,2782,2552
552,2759,2565,2765,2569
553,2793,2531,2769,2565
554,2813,2511,2747,2587
555,2786,2538,2752,2582
556,2791,2533,2766,2568
557,2762,2562,2756,2578
558,2758,2566,2751,2583
559,2779,2545,2757,2577
560,2769,2555,2762,2572
561,2793,2531,2755,2579
562,2800,2524,2788,2546
563,2794,2530,2765,2569
564,2761,2563,2764,2570
565,2775,2549,2754,2580
566,2764,2560,2778,2556
567,2759,2565,2731,2603
568,2751,2573,2749,2585
569,2763,2561,2768,2566
570,2742,2582,2769,2565
571,2806,2518,2764,2570
572,2773,2551,2751,2583
573,2803,2521,2750,2584
574,2786,2538,2764,2570
575,2780,2544,2747,2587
576,2818,2506,2786,2548
577,2789,2535,2753,2581
578,2790,2534,2783,2551
579,2806,2518,2781,2553
580,2791,2533,2766,2568
581,2761,2563,2748,2586
582,2821,2503,2763,2571
583,2779,2545,2790,2544
584,2803,2521,2781,2553
585,2750,2574,2773,2561
586,2772,2552,2757,2577
587,2823,2501,2783,2551
588,2820,2504,2771,2563
589,2799,2525,2752,2582
590,2756,2568,2759,2575
591,2786,2538,2792,2542
592,2793,2531,2722,2612
593,2786,2538,2792,2542
594,2780,2544,2819,2515
595,2773,2551,2761,2573
596,2768,2556,2771,2563
597,2795,2529,2775,2559
598,2801,2523,2767,2567
599,2819,2505,2752,2582
600,2813,2511,2775,2559
601,2792,2532,2753,2581
602,2816,2508,2781,2553
603,2778,2546,2754,2580
604,2803,2521,2767,2567
605,2811,2513,2769,2565
606,2781,2543,2766,2568
607,2787,2537,2765,2569
608,2811,2513,2732,2602
609,2788,2536,2723,2611
610,2781,2543,2747,2587
611,2774,2550,2759,2575
612,2812,2512,2783,2551
613,2765,2559,2737,2597
614,2756,2568,2747,2587
615,2784,2540,2741,2593
616,2808,2516,2732,2602
617,2745,2579,2761,2573
618,2786,2538,2757,2577
619,2774,2550,2737,2597
620,2781,2543,2743,2591
621,2792,2532,2767,2567
622,2815,2509,2758,2576
623,2761,2563,2788,2546
624,2779,2545,2765,2569
625,2772,2552,2757,2577
626,2797,2527,2737,2597
627,2774,2550,2796,2538
628,2793,2531,2788,2546
629,2782,2542,2779,2555
630,2816,2508,2790,2544
631,2769,2555,2785,2549
632,2804,2520,2765,2569
633,2787,2537,2756,2578
634,2763,2561,2767,2567
635,2796,2528,2759,2575
636,2799,2525,2785,2549
637,2829,2495,2776,2558
638,2771,2553,2761,2573
639,2784,2540,2774,2560
640,2800,2524,2780,2554
641,2816,2508,2803,2531
642,2804,2520,2741,2593
643,2792,2532,2769,2565
644,2776,2548,2762,2572
645,2762,2562,2779,2555
646,2797,2527,2748,2586
647,2794,2530,2770,2564
648,2774,2550,2816,2518
649,2726,2598,2782,2552
650,2809,2515,2749,2585
651,2758,2566,2792,2542
652,2787,2537,2786,2548
653,2810,2514,2741,2593
654,2828,2496,2748,2586
655,2761,2563,2728,2606
656,2771,2553,2750,2584
657,2759,2565,2778,2556
658,2809,2515,2786,2548
659,2779,2545,2750,2584
660,2788,2536,2757,2577
661,2831,2493,2788,2546
662,2817,2507,2791,2543
663,2793,2531,2761,2573
664,2823,2501,2791,2543
665,2754,2570,2779,2555
666,2739,2585,2795,2539
667,2757,2567,2740,2594
668,2777,2547,2742,2592
669,2768,2556,2766,2568
670,2769,2555,2776,2558
671,2754,2570,2792,2542
672,2803,2521,2822,2512
673,2769,2555,2755,2579
674,2758,2566,2768,2566
675,2790,2534,2805,2529
676,2772,2552,2794,2540
677,2792,2532,2777,2557
678,2741,2583,2780,2554
679,2775,2549,2772,2562
680,2781,2543,2740,2594
681,2764,2560,2805,2529
682,2763,2561,2795,2539
683,2789,2535,2787,2547
684,2787,2537,2753,2581
685,2824,2500,2802,2532
686,2776,2548,2779,2555
687,2777,2547,2767,2567
688,2763,2561,2774,2560
689,2716,2608,2733,2601
690,2786,2538,2784,2550
691,2823,2501,2825,2509
692,2803,2521,2789,2545
693,2761,2563,2747,2587
694,2769,2555,2763,2571
695,2784,2540,2793,2541
696,2782,2542,2790,2544
697,2763,2561,2760,2574
698,2800,2524,2775,2559
699,2774,2550,2793,2541
700,2764,2560,2776,2558
701,2770,2554,2779,2555
702,2750,2574,2788,2546
703,2757,2567,2779,2555
704,2771,2553,2784,2550
705,2792,2532,2741,2593
706,2822,2502,2782,2552
707,2746,2578,2731,2603
708,2785,2539,2745,2589
709,2766,2558,2768,2566
710,2766,2558,2796,2538
711,2800,2524,2793,2541
712,2784,2540,2768,2566
713,2801,2523,2752,2582
714,2784,2540,2771,2563
715,2779,2545,2764,2570
716,2735,2589,2791,2543
717,2764,2560,2774,2560
718,2758,2566,2763,2571
719,2763,2561,2781,2553
720,2822,2502,2752,2582
721,2742,2582,2740,2594
722,2776,2548,2749,2585
723,2780,2544,2765,2569
724,2780,2544,2786,2548
725,2760,2564,2773,2561
726,2772,2552,2804,2530
727,2780,2544,2757,2577
728,2783,2541,2756,2578
729,2766,2558,2802,2532
730,2732,2592,2747,2587
731,2778,2546,2785,2549
732,2783,2541,2753,2581
733,2777,2547,2770,2564
734,2756,2568,2767,2567
735,2773,2551,2762,2572
736,2790,2534,2775,2559
737,2765,2559,2777,2557
738,2791,2533,2755,2579
739,2758,2566,2758,2576
740,2773,2551,2770,2564
741,2781,2543,2778,2556
742,2773,2551,2772,2562
743,2805,2519,2766,2568
744,2781,2543,2782,2552
745,2747,2577,2792,2542
746,2821,2503,2776,2558
747,2782,2542,2771,2563
748,2777,2547,2782,2552
749,2763,2561,2806,2528
750,2785,2539,2780,2554
751,2787,2537,2743,2591
752,2812,2512,2770,2564
753,2801,2523,2786,2548
754,2782,2542,2777,2557
755,2776,2548,2791,2543
756,2782,2542,2793,2541
757,2795,2529,2773,2561
758,2764,2560,2763,2571
759,2780,2544,2796,2538
760,2762,2562,2795,2539
761,2800,2524,2799,2535
762,2758,2566,2793,2541
763,2725,2599,2768,2566
764,2778,2546,2809,2525
765,2796,2528,2775,2559
766,2752,2572,2792,2542
767,2772,2552,2783,2551
768,2741,2583,2790,2544
769,2808,2516,2819,2515
770,2781,2543,2786,2548
771,2758,2566,2837,2497
772,2801,2523,2794,2540
773,2775,2549,2758,2576
774,2750,2574,2762,2572
775,2779,2545,2774,2560
776,2779,2545,2777,2557
777,2772,2552,2729,2605
778,2755,2569,2739,2595
779,2765,2559,2785,2549
780,2777,2547,2796,2538
781,2761,2563,2776,2558
782,2779,2545,2735,2599
783,2774,2550,2785,2549
784,2791,2533,2762,2572
785,2772,2552,2769,2565
786,2753,2571,2826,2508
787,2750,2574,2792,2542
788,2776,2548,2805,2529
789,2749,2575,2796,2538
790,2749,2575,2783,2551
791,2805,2519,2773,2561
792,2788,2536,2777,2557
793,2756,2568,2748,2586
794,2778,2546,2803,2531
795,2724,2600,2787,2547
796,2794,2530,2791,2543
797,2765,2559,2782,2552
798,2771,2553,2803,2531
799,2809,2515,2751,2583
800,2809,2515,2779,2555
801,2754,2570,2777,2557
802,2784,2540,2794,2540
803,2778,2546,2741,2593
804,2785,2539,2785,2549
805,2765,2559,2769,2565
806,2764,2560,2812,2522
807,2736,2588,2819,2515
808,2806,2518,2810,2524
809,2777,2547,2777,2557
810,2780,2544,2746,2588
811,2746,2578,2811,2523
812,2775,2549,2782,2552
813,2788,2536,2803,2531
814,2795,2529,2751,2583
815,2809,2515,2795,2539
816,2725,2599,2807,2527
817,2768,2556,2760,2574
818,2773,2551,2760,2574
819,2753,2571,2769,2565
820,2765,2559,2756,2578
821,2803,2521,2756,2578
822,2792,2532,2813,2521
823,2763,2561,2794,2540
824,2772,2552,2809,2525
825,2733,2591,2756,2578
826,2784,2540,2799,2535
827,2773,2551,2782,2552
828,2749,2575,2781,2553
829,2785,2539,2790,2544
830,2773,2551,2780,2554
831,2798,2526,2752,2582
832,2761,2563,2777,2557
833,2750,2574,2784,2550
834,2791,2533,2816,2518
835,2776,2548,2769,2565
836,2746,2578,2776,2558
837,2747,2577,2790,2544
838,2767,2557,2798,2536
839,2757,2567,2775,2559
840,2764,2560,2828,2506
841,2761,2563,2772,2562
842,2754,2570,2818,2516
843,2743,2581,2819,2515
844,2776,2548,2793,2541
845,2754,2570,2803,2531
846,2801,2523,2826,2508
847,2771,2553,2826,2508
848,2781,2543,2810,2524
849,2771,2553,2798,2536
850,2789,2535,2815,2519
851,2773,2551,2801,2533
852,2766,2558,2772,2562
853,2765,2559,2790,2544
854,2736,2588,2762,2572
855,2735,2589,2772,2562
856,2773,2551,2816,2518
857,2758,2566,2743,2591
858,2776,2548,2768,2566
859,2763,2561,2789,2545
860,2772,2552,2788,2546
861,2747,2577,2816,2518
862,2782,2542,2791,2543
863,2762,2562,2784,2550
864,2766,2558,2797,2537
865,2762,2562,2809,2525
866,2770,2554,2783,2551
867,2771,2553,2779,2555
868,2779,2545,2769,2565
869,2772,2552,2771,2563
870,2752,2572,2822,2512
871,2762,2562,2834,2500
872,2772,2552,2804,2530
873,2776,2548,2825,2509
874,2758,2566,2814,2520
875,2785,2539,2781,2553
876,2765,2559,2836,2498
877,2770,2554,2789,2545
878,2726,2598,2801,2533
879,2761,2563,2802,2532
880,2744,2580,2803,2531
881,2735,2589,2811,2523
882,2759,2565,2778,2556
883,2746,2578,2745,2589
884,2780,2544,2806,2528
885,2785,2539,2754,2580
886,2771,2553,2751,2583
887,2792,2532,2761,2573
888,2743,2581,2796,2538
889,2713,2611,2803,2531
890,2783,2541,2762,2572
891,2777,2547,2809,2525
892,2747,2577,2782,2552
893,2756,2568,2776,2558
894,2760,2564,2799,2535
895,2762,2562,2803,2531
896,2792,2532,2778,2556
897,2778,2546,2797,2537
898,2793,2531,2795,2539
899,2781,2543,2773,2561
900,2736,2588,2807,2527
901,2800,2524,2775,2559
902,2788,2536,2813,2521
903,2826,2498,2798,2536
904,2752,2572,2783,2551
905,2767,2557,2775,2559
906,2773,2551,2740,2594
907,2791,2533,2769,2565
908,2781,2543,2756,2578
909,2789,2535,2765,2569
910,2792,2532,2746,2588
911,2766,2558,2812,2522
912,2804,2520,2786,2548
913,2802,2522,2790,2544
914,2795,2529,2781,2553
915,2766,2558,2789,2545
916,2761,2563,2751,2583
917,2734,2590,2753,2581
918,2780,2544,2788,2546
919,2752,2572,2797,2537
920,2775,2549,2779,2555
921,2770,2554,2766,2568
922,2798,2526,2775,2559
923,2785,2539,2793,2541
924,2786,2538,2777,2557
925,2767,2557,2766,2568
926,2775,2549,2777,2557
927,2773,2551,2758,2576
928,2800,2524,2737,2597
929,2771,2553,2723,2611
930,2780,2544,2780,2554
931,2797,2527,2803,2531
932,2827,2497,2792,2542
933,2788,2536,2787,2547
934,2796,2528,2769,2565
935,2774,2550,2786,2548
936,2770,2554,2811,2523
937,2821,2503,2786,2548
938,2794,2530,2763,2571
939,2748,2576,2764,2570
940,2743,2581,2769,2565
941,2803,2521,2775,2559
942,2766,2558,2791,2543
943,2792,2532,2768,2566
944,2769,2555,2732,2602
945,2812,2512,2777,2557
946,2773,2551,2778,2556
947,2784,2540,2768,2566
948,2762,2562,2748,2586
949,2796,2528,2760,2574
950,2804,2520,2793,2541
951,2783,2541,2764,2570
952,2762,2562,2757,2577
953,2782,2542,2765,2569
954,2766,2558,2747,2587
955,2780,2544,2774,2560
956,2764,2560,2765,2569
957,2778,2546,2763,2571
958,2772,2552,2764,2570
959,2781,2543,2788,2546
960,2801,2523,2784,2550
961,2790,2534,2793,2541
962,2781,2543,2807,2527
963,2753,2571,2816,2518
964,2791,2533,2784,2550
965,2766,2558,2778,2556
966,2779,2545,2786,2548
967,2793,2531,2772,2562
968,2779,2545,2785,2549
969,2721,2603,2756,2578
970,2757,2567,2804,2530
971,2798,2526,2771,2563
972,2772,2552,2769,2565
973,2761,2563,2746,2588
974,2772,2552,2773,2561
975,2731,2593,2778,2556
976,2745,2579,2770,2564
977,2769,2555,2787,2547
978,2720,2604,2784,2550
979,2774,2550,2752,2582
980,2755,2569,2781,2553
981,2809,2515,2782,2552
982,2755,2569,2803,2531
983,2757,2567,2784,2550
984,2796,2528,2797,2537
985,2736,2588,2768,2566
986,2756,2568,2772,2562
987,2766,2558,2777,2557
988,2772,2552,2771,2563
989,2794,2530,2746,2588
990,2786,2538,2767,2567
991,2758,2566,2739,2595
992,2767,2557,2767,2567
993,2749,2575,2781,2553
994,2784,2540,2787,2547
995,2761,2563,2817,2517
996,2789,2535,2806,2528
997,2789,2535,2739,2595
998,2778,2546,2762,2572
999,2796,2528,2816,2518
1000,2775,2549,2762,2572
1001,2785,2539,2792,2542
1002,2796,2528,2739,2595
1003,2788,2536,2771,2563
1004,2791,2533,2769,2565
1005,2789,2535,2775,2559
1006,2812,2512,2786,2548
1007,2771,2553,2766,2568
1008,2787,2537,2797,2537
1009,2774,2550,2732,2602
1010,2829,2495,2786,2548
1011,2778,2546,2737,2597
1012,2804,2520,2783,2551
1013,2816,2508,2763,2571
1014,2769,2555,2771,2563
1015,2771,2553,2780,2554
1016,2801,2523,2773,2561
1017,2768,2556,2776,2558
1018,2774,2550,2727,2607
1019,2765,2559,2715,2619
1020,2781,2543,2766,2568
1021,2809,2515,2763,2571
1022,2786,2538,2780,2554
1023,2785,2539,2770,2564
1024,2757,2567,2787,2547
1025,2809,2515,2782,2552
1026,2784,2540,2725,2609
1027,2820,2504,2790,2544
1028,2770,2554,2780,2554
1029,2794,2530,2747,2587
1030,2784,2540,2756,2578
1031,2798,2526,2742,2592
1032,2759,2565,2746,2588
1033,2811,2513,2788,2546
1034,2751,2573,2767,2567
1035,2785,2539,2770,2564
1036,2827,2497,2799,2535
1037,2811,2513,2785,2549
1038,2781,2543,2734,2600
1039,2798,2526,2755,2579
1040,2805,2519,2742,2592
1041,2816,2508,2752,2582
1042,2811,2513,2728,2606
1043,2784,2540,2744,2590
1044,2797,2527,2770,2564
1045,2774,2550,2746,2588
1046,2765,2559,2758,2576
1047,2772,2552,2761,2573
1048,2791,2533,2755,2579
1049,2809,2515,2806,2528
1050,2798,2526,2753,2581
1051,2808,2516,2775,2559
1052,2771,2553,2760,2574
1053,2780,2544,2769,2565
1054,2784,2540,2758,2576
1055,2759,2565,2737,2597
1056,2798,2526,2750,2584
1057,2788,2536,2763,2571
1058,2796,2528,2773,2561
1059,2776,2548,2742,2592
1060,2827,2497,2790,2544
1061,2802,2522,2762,2572
1062,2788,2536,2770,2564
1063,2786,2538,2760,2574
1064,2780,2544,2771,2563
1065,2782,2542,2795,2539
1066,2810,2514,2774,2560
1067,2761,2563,2787,2547
1068,2763,2561,2786,2548
1069,2774,2550,2753,2581
1070,2775,2549,2782,2552
1071,2783,2541,2783,2551
1072,2780,2544,2779,2555
1073,2777,2547,2778,2556
1074,2780,2544,2799,2535
1075,2771,2553,2770,2564
1076,2805,2519,2756,2578
1077,2789,2535,2784,2550
1078,2792,2532,2749,2585
1079,2823,2501,2752,2582
1080,2787,2537,2768,2566
1081,2819,2505,2769,2565
1082,2755,2569,2762,2572
1083,2805,2519,2733,2601
1084,2785,2539,2758,2576
1085,2805,2519,2778,2556
1086,2798,2526,2776,2558
1087,2789,2535,2767,2567
1088,2847,2477,2788,2546
1089,2756,2568,2786,2548
1090,2803,2521,2725,2609
1091,2785,2539,2767,2567
1092,2773,2551,2793,2541
1093,2810,2514,2774,2560
1094,2762,2562,2758,2576
1095,2794,2530,2793,2541
1096,2754,2570,2765,2569
1097,2786,2538,2792,2542
1098,2834,2490,2784,2550
1099,2755,2569,2786,2548
1100,2828,2496,2773,2561
1101,2798,2526,2769,2565
1102,2760,2564,2756,2578
1103,2770,2554,2758,2576
1104,2801,2523,2763,2571
1105,2831,2493,2797,2537
1106,2806,2518,2783,2551
1107,2794,2530,2761,2573
1108,2800,2524,2755,2579
1109,2802,2522,2777,2557
1110,2816,2508,2740,2594
1111,2786,2538,2757,2577
1112,2782,2542,2749,2585
1113,2752,2572,2748,2586
1114,2789,2535,2783,2551
1115,2803,2521,2753,2581
1116,2804,2520,2774,2560
1117,2783,2541,2773,2561
1118,2810,2514,2737,2597
1119,2822,2502,2788,2546
1120,2785,2539,2758,2576
1121,2752,2572,2763,2571
1122,2786,2538,2770,2564
1123,2826,2498,2763,2571
1124,2813,2511,2775,2559
1125,2800,2524,2756,2578
1126,2827,2497,2729,2605
1127,2802,2522,2733,2601
1128,2786,2538,2754,2580
1129,2798,2526,2784,2550
1130,2830,2494,2739,2595
1131,2780,2544,2778,2556
1132,2804,2520,2804,2530
1133,2775,2549,2766,2568
1134,2775,2549,2771,2563
1135,2849,2475,2775,2559
1136,2781,2543,2771,2563
1137,2789,2535,2774,2560
1138,2798,2526,2770,2564
1139,2796,2528,2724,2610
1140,2765,2559,2718,2616
1141,2804,2520,2784,2550
1142,2809,2515,2770,2564
1143,2805,2519,2777,2557
1144,2778,2546,2769,2565
1145,2808,2516,2807,2527
1146,2776,2548,2770,2564
1147,2807,2517,2796,2538
1148,2760,2564,2733,2601
1149,2809,2515,2732,2602
1150,2781,2543,2725,2609
1151,2813,2511,2787,2547
1152,2819,2505,2760,2574
1153,2824,2500,2772,2562
1154,2787,2537,2754,2580
1155,2824,2500,2752,2582
1156,2775,2549,2764,2570
1157,2792,2532,2778,2556
1158,2807,2517,2778,2556
1159,2804,2520,2736,2598
1160,2813,2511,2722,2612
1161,2801,2523,2765,2569
1162,2773,2551,2763,2571
1163,2791,2533,2758,2576
1164,2779,2545,2742,2592
1165,2817,2507,2713,2621
1166,2753,2571,2750,2584
1167,2764,2560,2705,2629
1168,2805,2519,2747,2587
1169,2812,2512,2778,2556
1170,2810,2514,2744,2590
1171,2807,2517,2757,2577
1172,2800,2524,2739,2595
1173,2762,2562,2721,2613
1174,2799,2525,2749,2585
1175,2824,2500,2762,2572
1176,2769,2555,2739,2595
1177,2796,2528,2732,2602
1178,2802,2522,2774,2560
1179,2814,2510,2771,2563
1180,2774,2550,2756,2578
1181,2798,2526,2759,2575
1182,2780,2544,2785,2549
1183,2808,2516,2752,2582
1184,2791,2533,2749,2585
1185,2811,2513,2735,2599
1186,2814,2510,2735,2599
1187,2842,2482,2770,2564
1188,2839,2485,2720,2614
1189,2804,2520,2735,2599
1190,2829,2495,2766,2568
1191,2804,2520,2730,2604
1192,2781,2543,2741,2593
1193,2798,2526,2737,2597
1194,2780,2544,2779,2555
1195,2775,2549,2734,2600
1196,2799,2525,2754,2580
1197,2792,2532,2764,2570
1198,2828,2496,2730,2604
1199,2794,2530,2744,2590
1200,2840,2484,2791,2543
1201,2778,2546,2783,2551
1202,2787,2537,2728,2606
1203,2785,2539,2749,2585
1204,2805,2519,2751,2583
1205,2800,2524,2721,2613
1206,2780,2544,2722,2612
1207,2781,2543,2779,2555
1208,2760,2564,2752,2582
1209,2808,2516,2758,2576
1210,2802,2522,2746,2588
1211,2798,2526,2766,2568
1212,2803,2521,2760,2574
1213,2803,2521,2770,2564
1214,2786,2538,2745,2589
1215,2741,2583,2781,2553
1216,2799,2525,2756,2578
1217,2815,2509,2742,2592
1218,2828,2496,2785,2549
1219,2811,2513,2746,2588
1220,2823,2501,2754,2580
1221,2803,2521,2748,2586
1222,2783,2541,2765,2569
1223,2769,2555,2799,2535
1224,2780,2544,2764,2570
1225,2785,2539,2760,2574
1226,2774,2550,2767,2567
1227,2784,2540,2773,2561
1228,2770,2554,2783,2551
1229,2819,2505,2778,2556
1230,2766,2558,2733,2601
1231,2787,2537,2700,2634
1232,2762,2562,2737,2597
1233,2821,2503,2771,2563
1234,2810,2514,2763,2571
1235,2785,2539,2774,2560
1236,2801,2523,2720,2614
1237,2775,2549,2753,2581
1238,2809,2515,2752,2582
1239,2790,2534,2758,2576
1240,2762,2562,2717,2617
1241,2810,2514,2755,2579
1242,2811,2513,2743,2591
1243,2777,2547,2773,2561
1244,2835,2489,2806,2528
1245,2732,2592,2736,2598
1246,2797,2527,2753,2581
1247,2766,2558,2730,2604
1248,2784,2540,2783,2551
1249,2786,2538,2726,2608
1250,2772,2552,2788,2546
1251,2790,2534,2738,2596
1252,2800,2524,2772,2562
1253,2764,2560,2703,2631
1254,2784,2540,2797,2537
1255,2775,2549,2772,2562
1256,2801,2523,2776,2558
1257,2799,2525,2777,2557
1258,2798,2526,2738,2596
1259,2771,2553,2715,2619
1260,2790,2534,2736,2598
1261,2787,2537,2751,2583
1262,2803,2521,2727,2607
1263,2781,2543,2746,2588
1264,2792,2532,2759,2575
1265,2795,2529,2758,2576
1266,2801,2523,2731,2603
1267,2784,2540,2749,2585
1268,2822,2502,2764,2570
1269,2798,2526,2757,2577
1270,2830,2494,2765,2569
1271,2805,2519,2755,2579
1272,2794,2530,2737,2597
1273,2778,2546,2724,2610
1274,2797,2527,2739,2595
1275,2814,2510,2739,2595
1276,2790,2534,2748,2586
1277,2791,2533,2737,2597
1278,2830,2494,2752,2582
1279,2762,2562,2772,2562
1280,2813,2511,2781,2553
1281,2787,2537,2774,2560
1282,2811,2513,2742,2592
1283,2774,2550,2769,2565
1284,2802,2522,2800,2534
1285,2757,2567,2800,2534
1286,2789,2535,2798,2536
1287,2782,2542,2777,2557
1288,2782,2542,2759,2575
1289,2766,2558,2772,2562
1290,2810,2514,2790,2544
1291,2786,2538,2734,2600
1292,2811,2513,2737,2597
1293,2791,2533,2778,2556
1294,2758,2566,2745,2589
1295,2753,2571,2777,2557
1296,2825,2499,2761,2573
1297,2735,2589,2785,2549
1298,2763,2561,2768,2566
1299,2745,2579,2765,2569
1300,2764,2560,2783,2551
1301,2774,2550,2762,2572
1302,2803,2521,2792,2542
1303,2772,2552,2752,2582
1304,2776,2548,2716,2618
1305,2761,2563,2734,2600
1306,2824,2500,2779,2555
1307,2770,2554,2752,2582
1308,2781,2543,2776,2558
1309,2814,2510,2756,2578
1310,2778,2546,2767,2567
1311,2788,2536,2780,2554
1312,2773,2551,2780,2554
1313,2795,2529,2778,2556
1314,2802,2522,2776,2558
1315,2754,2570,2813,2521
1316,2766,2558,2793,2541
1317,2794,2530,2785,2549
1318,2755,2569,2759,2575
1319,2786,2538,2775,2559
1320,2772,2552,2764,2570
1321,2805,2519,2740,2594
1322,2817,2507,2784,2550
1323,2792,2532,2784,2550
1324,2769,2555,2755,2579
1325,2812,2512,2756,2578
1326,2809,2515,2742,2592
1327,2833,2491,2769,2565
1328,2787,2537,2768,2566
1329,2786,2538,2807,2527
1330,2765,2559,2760,2574
1331,2810,2514,2763,2571
1332,2767,2557,2782,2552
1333,2744,2580,2763,2571
1334,2762,2562,2766,2568
1335,2778,2546,2782,2552
1336,2779,2545,2782,2552
1337,2776,2548,2762,2572
1338,2774,2550,2766,2568
1339,2790,2534,2786,2548
1340,2811,2513,2763,2571
1341,2755,2569,2798,2536
1342,2783,2541,2794,2540
1343,2762,2562,2790,2544
1344,2765,2559,2777,2557
1345,2776,2548,2788,2546
1346,2745,2579,2804,2530
1347,2766,2558,2773,2561
1348,2740,2584,2782,2552
1349,2764,2560,2766,2568
1350,2726,2598,2788,2546
1351,2738,2586,2822,2512
1352,2768,2556,2806,2528
1353,2774,2550,2791,2543
1354,2763,2561,2752,2582
1355,2762,2562,2765,2569
1356,2748,2576,2754,2580
1357,2743,2581,2781,2553
1358,2788,2536,2765,2569
1359,2756,2568,2805,2529
1360,2750,2574,2817,2517
1361,2789,2535,2773,2561
1362,2761,2563,2772,2562
1363,2790,2534,2780,2554
1364,2807,2517,2816,2518
1365,2751,2573,2791,2543
1366,2740,2584,2788,2546
1367,2766,2558,2815,2519
1368,2783,2541,2807,2527
1369,2758,2566,2756,2578
1370,2769,2555,2818,2516
1371,2777,2547,2800,2534
1372,2785,2539,2756,2578
1373,2751,2573,2781,2553
1374,2786,2538,2757,2577
1375,2791,2533,2761,2573
1376,2802,2522,2785,2549
1377,2767,2557,2785,2549
1378,2800,2524,2760,2574
1379,2755,2569,2788,2546
1380,2791,2533,2805,2529
1381,2769,2555,2811,2523
1382,2771,2553,2800,2534
1383,2777,2547,2746,2588
1384,2774,2550,2776,2558
1385,2764,2560,2771,2563
1386,2758,2566,2751,2583
1387,2773,2551,2770,2564
1388,2785,2539,2761,2573
1389,2796,2528,2783,2551
1390,2769,2555,2762,2572
1391,2776,2548,2830,2504
1392,2795,2529,2793,2541
1393,2744,2580,2823,2511
1394,2787,2537,2784,2550
1395,2754,2570,2773,2561
1396,2806,2518,2723,2611
1397,2774,2550,2772,2562
1398,2788,2536,2778,2556
1399,2791,2533,2797,2537
1400,2799,2525,2778,2556
1401,2780,2544,2781,2553
1402,2769,2555,2790,2544
1403,2775,2549,2776,2558
1404,2781,2543,2752,2582
1405,2767,2557,2784,2550
1406,2804,2520,2799,2535
1407,2792,2532,2771,2563
1408,2793,2531,2759,2575
1409,2813,2511,2811,2523
1410,2763,2561,2746,2588
1411,2787,2537,2770,2564
1412,2773,2551,2749,2585
1413,2787,2537,2778,2556
1414,2764,2560,2822,2512
1415,2764,2560,2757,2577
1416,2796,2528,2779,2555
1417,2786,2538,2774,2560
1418,2760,2564,2765,2569
1419,2786,2538,2780,2554
1420,2805,2519,2809,2525
1421,2756,2568,2759,2575
1422,2776,2548,2815,2519
1423,2756,2568,2791,2543
1424,2764,2560,2769,2565
1425,2790,2534,2779,2555
1426,2776,2548,2774,2560
1427,2785,2539,2786,2548
1428,2767,2557,2748,2586
1429,2764,2560,2713,2621
1430,2768,2556,2762,2572
1431,2746,2578,2777,2557
1432,2801,2523,2745,2589
1433,2802,2522,2769,2565
1434,2773,2551,2778,2556
1435,2789,2535,2781,2553
1436,2801,2523,2770,2564
1437,2776,2548,2782,2552
1438,2787,2537,2746,2588
1439,2790,2534,2753,2581
1440,2781,2543,2777,2557
1441,2796,2528,2768,2566
1442,2761,2563,2711,2623
1443,2776,2548,2771,2563
1444,2755,2569,2726,2608
1445,2823,2501,2775,2559
1446,2798,2526,2736,2598
1447,2809,2515,2753,2581
1448,2753,2571,2787,2547
1449,2775,2549,2755,2579
1450,2766,2558,2779,2555
1451,2793,2531,2758,2576
1452,2786,2538,2749,2585
1453,2773,2551,2760,2574
1454,2817,2507,2766,2568
1455,2781,2543,2788,2546
1456,2818,2506,2810,2524
1457,2835,2489,2761,2573
1458,2809,2515,2802,2532
1459,2766,2558,2773,2561
1460,2758,2566,2742,2592
1461,2740,2584,2773,2561
1462,2805,2519,2788,2546
1463,2770,2554,2764,2570
1464,2804,2520,2749,2585
1465,2797,2527,2778,2556
1466,2808,2516,2788,2546
1467,2773,2551,2777,2557
1468,2758,2566,2726,2608
1469,2772,2552,2793,2541
1470,2800,2524,2822,2512
1471,2807,2517,2800,2534
1472,2767,2557,2795,2539
1473,2781,2543,2797,2537
1474,2773,2551,2779,2555
1475,2801,2523,2764,2570
1476,2772,2552,2781,2553
1477,2819,2505,2760,2574
1478,2769,2555,2776,2558
1479,2764,2560,2741,2593
1480,2738,2586,2775,2559
1481,2769,2555,2792,2542
1482,2783,2541,2778,2556
1483,2762,2562,2787,2547
1484,2752,2572,2758,2576
1485,2761,2563,2763,2571
1486,2744,2580,2754,2580
1487,2750,2574,2774,2560
1488,2750,2574,2816,2518
1489,2783,2541,2780,2554
1490,2760,2564,2801,2533
1491,2785,2539,2798,2536
1492,2816,2508,2785,2549
1493,2769,2555,2836,2498
1494,2776,2548,2795,2539
1495,2776,2548,2757,2577
1496,2776,2548,2768,2566
1497,2765,2559,2784,2550
1498,2802,2522,2805,2529
1499,2788,2536,2798,2536
1500,2804,2520,2783,2551
1501,2780,2544,2794,2540
1502,2748,2576,2753,2581
1503,2765,2559,2761,2573
1504,2799,2525,2787,2547
1505,2784,2540,2791,2543
1506,2797,2527,2825,2509
1507,2780,2544,2786,2548
1508,2774,2550,2807,2527
1509,2726,2598,2756,2578
1510,2772,2552,2801,2533
1511,2751,2573,2788,2546
1512,2772,2552,2776,2558
1513,2773,2551,2744,2590
1514,2735,2589,2766,2568
1515,2745,2579,2766,2568
1516,2752,2572,2772,2562
1517,2747,2577,2799,2535
1518,2790,2534,2771,2563
1519,2764,2560,2777,2557
1520,2745,2579,2780,2554
1521,2726,2598,2807,2527
1522,2760,2564,2785,2549
1523,2786,2538,2824,2510
1524,2742,2582,2795,2539
1525,2749,2575,2791,2543
1526,2733,2591,2819,2515
1527,2718,2606,2795,2539
1528,2745,2579,2826,2508
1529,2771,2553,2795,2539
1530,2746,2578,2847,2487
1531,2748,2576,2796,2538
1532,2747,2577,2818,2516
1533,2758,2566,2838,2496
1534,2749,2575,2833,2501
1535,2741,2583,2820,2514
1536,2756,2568,2778,2556
1537,2701,2623,2803,2531
1538,2782,2542,2820,2514
1539,2739,2585,2803,2531
1540,2748,2576,2779,2555
1541,2746,2578,2787,2547
1542,2771,2553,2774,2560
1543,2725,2599,2784,2550
1544,2756,2568,2812,2522
1545,2767,2557,2782,2552
1546,2747,2577,2826,2508
1547,2762,2562,2790,2544
1548,2777,2547,2804,2530
1549,2758,2566,2830,2504
1550,2783,2541,2764,2570
1551,2762,2562,2800,2534
1552,2758,2566,2793,2541
1553,2752,2572,2787,2547
1554,2780,2544,2804,2530
1555,2748,2576,2751,2583
1556,2757,2567,2760,2574
1557,2754,2570,2802,2532
1558,2783,2541,2765,2569
1559,2796,2528,2794,2540
1560,2796,2528,2801,2533
1561,2771,2553,2786,2548
1562,2782,2542,2764,2570
1563,2799,2525,2782,2552
1564,2743,2581,2736,2598
1565,2745,2579,2751,2583
1566,2771,2553,2746,2588
1567,2767,2557,2785,2549
1568,2771,2553,2780,2554
1569,2759,2565,2758,2576
1570,2759,2565,2779,2555
1571,2759,2565,2759,2575
1572,2764,2560,2779,2555
1573,2773,2551,2798,2536
1574,2787,2537,2797,2537
1575,2780,2544,2792,2542
1576,2744,2580,2793,2541
1577,2782,2542,2739,2595
1578,2772,2552,2800,2534
1579,2828,2496,2768,2566
1580,2767,2557,2744,2590
1581,2796,2528,2770,2564
1582,2778,2546,2785,2549
1583,2782,2542,2758,2576
1584,2797,2527,2782,2552
1585,2760,2564,2768,2566
1586,2777,2547,2774,2560
1587,2795,2529,2757,2577
1588,2732,2592,2781,2553
1589,2769,2555,2796,2538
1590,2788,2536,2764,2570
1591,2804,2520,2802,2532
1592,2824,2500,2780,2554
1593,2798,2526,2809,2525
1594,2764,2560,2739,2595
1595,2775,2549,2768,2566
1596,2729,2595,2762,2572
1597,2789,2535,2780,2554
1598,2765,2559,2753,2581
1599,2784,2540,2784,2550
1600,2805,2519,2814,2520
1601,2778,2546,2766,2568
1602,2761,2563,2755,2579
1603,2761,2563,2798,2536
1604,2795,2529,2795,2539
1605,2772,2552,2766,2568
1606,2756,2568,2777,2557
1607,2756,2568,2805,2529
1608,2822,2502,2798,2536
1609,2813,2511,2783,2551
1610,2793,2531,2753,2581
1611,2775,2549,2761,2573
1612,2726,2598,2806,2528
1613,2789,2535,2773,2561
1614,2825,2499,2812,2522
1615,2767,2557,2770,2564
1616,2750,2574,2793,2541
1617,2796,2528,2780,2554
1618,2790,2534,2806,2528
1619,2748,2576,2799,2535
1620,2809,2515,2748,2586
1621,2804,2520,2781,2553
1622,2791,2533,2755,2579
1623,2752,2572,2776,2558
1624,2790,2534,2798,2536
1625,2751,2573,2761,2573
1626,2795,2529,2742,2592
1627,2809,2515,2776,2558
1628,2778,2546,2778,2556
1629,2799,2525,2763,2571
1630,2791,2533,2711,2623
1631,2768,2556,2758,2576
1632,2751,2573,2763,2571
1633,2780,2544,2766,2568
1634,2799,2525,2737,2597
1635,2805,2519,2768,2566
1636,2775,2549,2777,2557
1637,2781,2543,2789,2545
1638,2801,2523,2774,2560
1639,2792,2532,2770,2564
1640,2790,2534,2792,2542
1641,2800,2524,2805,2529
1642,2771,2553,2780,2554
1643,2743,2581,2728,2606
1644,2774,2550,2772,2562
1645,2776,2548,2763,2571
1646,2780,2544,2770,2564
1647,2770,2554,2757,2577
1648,2775,2549,2766,2568
1649,2749,2575,2736,2598
1650,2827,2497,2765,2569
1651,2769,2555,2766,2568
1652,2764,2560,2748,2586
1653,2762,2562,2729,2605
1654,2786,2538,2756,2578
1655,2766,2558,2770,2564
1656,2804,2520,2798,2536
1657,2757,2567,2762,2572
1658,2756,2568,2789,2545
1659,2792,2532,2769,2565
1660,2784,2540,2777,2557
1661,2765,2559,2774,2560
1662,2789,2535,2757,2577
1663,2758,2566,2763,2571
1664,2745,2579,2798,2536
1665,2754,2570,2783,2551
1666,2764,2560,2768,2566
1667,2772,2552,2780,2554
1668,2765,2559,2765,2569
1669,2747,2577,2797,2537
1670,2780,2544,2787,2547
1671,2790,2534,2810,2524
1672,2823,2501,2795,2539
1673,2735,2589,2807,2527
1674,2791,2533,2790,2544
1675,2788,2536,2787,2547
1676,2783,2541,2744,2590
1677,2796,2528,2771,2563
1678,2790,2534,2755,2579
1679,2794,2530,2775,2559
1680,2782,2542,2790,2544
1681,2805,2519,2775,2559
1682,2781,2543,2799,2535
1683,2781,2543,2772,2562
1684,2804,2520,2798,2536
1685,2801,2523,2774,2560
1686,2788,2536,2767,2567
1687,2804,2520,2778,2556
1688,2801,2523,2776,2558
1689,2776,2548,2764,2570
1690,2808,2516,2783,2551
1691,2800,2524,2764,2570
1692,2772,2552,2793,2541
1693,2804,2520,2752,2582
1694,2806,2518,2767,2567
1695,2802,2522,2738,2596
1696,2798,2526,2760,2574
1697,2758,2566,2754,2580
1698,2810,2514,2752,2582
1699,2818,2506,2761,2573
1700,2812,2512,2782,2552
1701,2778,2546,2767,2567
1702,2783,2541,2740,2594
1703,2823,2501,2789,2545
1704,2780,2544,2762,2572
1705,2770,2554,2767,2567
1706,2802,2522,2728,2606
1707,2815,2509,2730,2604
1708,2811,2513,2753,2581
1709,2800,2524,2735,2599
1710,2779,2545,2723,2611
1711,2782,2542,2713,2621
1712,2782,2542,2720,2614
1713,2782,2542,2738,2596
1714,2830,2494,2729,2605
1715,2788,2536,2764,2570
1716,2818,2506,2771,2563
1717,2804,2520,2771,2563
1718,2818,2506,2790,2544
1719,2801,2523,2743,2591
1720,2788,2536,2764,2570
1721,2808,2516,2748,2586
1722,2828,2496,2763,2571
1723,2825,2499,2720,2614
1724,2836,2488,2746,2588
1725,2787,2537,2711,2623
1726,2788,2536,2734,2600
1727,2782,2542,2742,2592
1728,2795,2529,2756,2578
1729,2802,2522,2739,2595
1730,2766,2558,2743,2591
1731,2785,2539,2744,2590
1732,2764,2560,2790,2544
1733,2802,2522,2752,2582
1734,2779,2545,2784,2550
1735,2807,2517,2757,2577
1736,2804,2520,2768,2566
1737,2788,2536,2766,2568
1738,2808,2516,2774,2560
1739,2804,2520,2762,2572
1740,2843,2481,2783,2551
1741,2805,2519,2749,2585
1742,2807,2517,2787,2547
1743,2784,2540,2743,2591
1744,2794,2530,2792,2542
1745,2824,2500,2768,2566
1746,2779,2545,2792,2542
1747,2800,2524,2749,2585
1748,2774,2550,2777,2557
1749,2787,2537,2770,2564
1750,2787,2537,2727,2607
1751,2792,2532,2746,2588
1752,2811,2513,2767,2567
1753,2798,2526,2763,2571
1754,2811,2513,2708,2626
1755,2787,2537,2759,2575
1756,2801,2523,2753,2581
1757,2768,2556,2722,2612
1758,2767,2557,2789,2545
1759,2800,2524,2791,2543
1760,2780,2544,2767,2567
1761,2805,2519,2750,2584
1762,2824,2500,2778,2556
1763,2790,2534,2772,2562
1764,2768,2556,2780,2554
1765,2768,2556,2778,2556
1766,2801,2523,2746,2588
1767,2775,2549,2735,2599
1768,2760,2564,2753,2581
1769,2817,2507,2785,2549
1770,2800,2524,2740,2594
1771,2819,2505,2765,2569
1772,2789,2535,2750,2584
1773,2819,2505,2748,2586
1774,2817,2507,2769,2565
1775,2800,2524,2753,2581
1776,2755,2569,2759,2575
1777,2781,2543,2753,2581
1778,2788,2536,2745,2589
1779,2810,2514,2765,2569
1780,2787,2537,2760,2574
1781,2789,2535,2779,2555
1782,2766,2558,2770,2564
1783,2839,2485,2774,2560
1784,2803,2521,2779,2555
1785,2792,2532,2746,2588
1786,2768,2556,2759,2575
1787,2790,2534,2780,2554
1788,2774,2550,2745,2589
1789,2812,2512,2805,2529
1790,2794,2530,2773,2561
1791,2768,2556,2780,2554
1792,2745,2579,2780,2554
1793,2780,2544,2773,2561
1794,2801,2523,2766,2568
1795,2754,2570,2785,2549
1796,2780,2544,2785,2549
1797,2797,2527,2753,2581
1798,2760,2564,2766,2568
1799,2748,2576,2770,2564
1800,2763,2561,2761,2573
1801,2760,2564,2777,2557
1802,2796,2528,2790,2544
1803,2790,2534,2794,2540
1804,2771,2553,2800,2534
1805,2777,2547,2774,2560
1806,2774,2550,2769,2565
1807,2754,2570,2796,2538
1808,2746,2578,2764,2570
1809,2786,2538,2776,2558
1810,2760,2564,2768,2566
1811,2803,2521,2762,2572
1812,2789,2535,2772,2562
1813,2783,2541,2778,2556
1814,2755,2569,2797,2537
1815,2778,2546,2785,2549
1816,2801,2523,2793,2541
1817,2758,2566,2773,2561
1818,2766,2558,2732,2602
1819,2797,2527,2776,2558
1820,2764,2560,2771,2563
1821,2782,2542,2762,2572
1822,2746,2578,2771,2563
1823,2787,2537,2772,2562
1824,2781,2543,2774,2560
1825,2798,2526,2761,2573
1826,2755,2569,2765,2569
1827,2775,2549,2762,2572
1828,2777,2547,2780,2554
1829,2799,2525,2769,2565
1830,2735,2589,2734,2600
1831,2778,2546,2773,2561
1832,2788,2536,2783,2551
1833,2777,2547,2743,2591
1834,2773,2551,2752,2582
1835,2789,2535,2771,2563
1836,2807,2517,2752,2582
1837,2752,2572,2755,2579
1838,2798,2526,2785,2549
1839,2776,2548,2793,2541
1840,2772,2552,2730,2604
1841,2818,2506,2820,2514
1842,2809,2515,2799,2535
1843,2776,2548,2752,2582
1844,2784,2540,2780,2554
1845,2801,2523,2731,2603
1846,2794,2530,2749,2585
1847,2807,2517,2761,2573
1848,2832,2492,2793,2541
1849,2767,2557,2731,2603
1850,2771,2553,2777,2557
1851,2800,2524,2720,2614
1852,2800,2524,2761,2573
1853,2792,2532,2772,2562
1854,2808,2516,2759,2575
1855,2788,2536,2772,2562
1856,2779,2545,2776,2558
1857,2776,2548,2777,2557
1858,2740,2584,2774,2560
1859,2824,2500,2775,2559
1860,2762,2562,2771,2563
1861,2798,2526,2741,2593
1862,2787,2537,2738,2596
1863,2793,2531,2755,2579
1864,2766,2558,2766,2568
1865,2765,2559,2749,2585
1866,2754,2570,2780,2554
1867,2816,2508,2801,2533
1868,2768,2556,2795,2539
1869,2800,2524,2773,2561
1870,2790,2534,2807,2527
1871,2778,2546,2799,2535
1872,2788,2536,2777,2557
1873,2791,2533,2787,2547
1874,2753,2571,2755,2579
1875,2798,2526,2723,2611
1876,2809,2515,2784,2550
1877,2772,2552,2765,2569
1878,2789,2535,2802,2532
1879,2777,2547,2786,2548
1880,2760,2564,2782,2552
1881,2779,2545,2763,2571
1882,2773,2551,2780,2554
1883,2796,2528,2798,2536
1884,2770,2554,2781,2553
1885,2768,2556,2823,2511
1886,2796,2528,2835,2499
1887,2773,2551,2767,2567
1888,2747,2577,2764,2570
1889,2794,2530,2774,2560
1890,2777,2547,2764,2570
1891,2767,2557,2802,2532
1892,2773,2551,2775,2559
1893,2779,2545,2812,2522
1894,2771,2553,2804,2530
1895,2781,2543,2822,2512
1896,2822,2502,2789,2545
1897,2760,2564,2785,2549
1898,2776,2548,2793,2541
1899,2748,2576,2815,2519
1900,2765,2559,2813,2521
1901,2757,2567,2766,2568
1902,2784,2540,2799,2535
1903,2747,2577,2785,2549
1904,2723,2601,2767,2567
1905,2744,2580,2771,2563
1906,2748,2576,2762,2572
1907,2761,2563,2764,2570
1908,2742,2582,2777,2557
1909,2790,2534,2799,2535
1910,2787,2537,2787,2547
1911,2811,2513,2800,2534
1912,2791,2533,2786,2548
1913,2778,2546,2766,2568
1914,2759,2565,2778,2556
1915,2765,2559,2783,2551
1916,2761,2563,2798,2536
1917,2757,2567,2819,2515
1918,2739,2585,2773,2561
1919,2766,2558,2774,2560
1920,2743,2581,2798,2536
1921,2738,2586,2779,2555
1922,2758,2566,2784,2550
1923,2757,2567,2804,2530
1924,2759,2565,2801,2533
1925,2754,2570,2773,2561
1926,2759,2565,2796,2538
1927,2754,2570,2780,2554
1928,2791,2533,2785,2549
1929,2783,2541,2817,2517
1930,2744,2580,2780,2554
1931,2742,2582,2828,2506
1932,2763,2561,2795,2539
1933,2753,2571,2829,2505
1934,2777,2547,2775,2559
1935,2729,2595,2799,2535
1936,2769,2555,2790,2544
1937,2714,2610,2794,2540
1938,2740,2584,2784,2550
1939,2713,2611,2791,2543
1940,2738,2586,2802,2532
1941,2768,2556,2793,2541
1942,2783,2541,2805,2529
1943,2726,2598,2769,2565
1944,2784,2540,2801,2533
1945,2744,2580,2774,2560
1946,2747,2577,2797,2537
1947,2784,2540,2774,2560
1948,2760,2564,2795,2539
1949,2795,2529,2762,2572
1950,2765,2559,2813,2521
1951,2756,2568,2776,2558
1952,2791,2533,2788,2546
1953,2770,2554,2800,2534
1954,2728,2596,2767,2567
1955,2777,2547,2805,2529
1956,2774,2550,2788,2546
1957,2769,2555,2778,2556
1958,2771,2553,2785,2549
1959,2791,2533,2790,2544
1960,2776,2548,2798,2536
1961,2781,2543,2783,2551
1962,2778,2546,2758,2576
1963,2749,2575,2799,2535
1964,2789,2535,2778,2556
1965,2782,2542,2776,2558
1966,2754,2570,2798,2536
1967,2788,2536,2822,2512
1968,2801,2523,2796,2538
1969,2820,2504,2793,2541
1970,2772,2552,2793,2541
1971,2762,2562,2788,2546
1972,2747,2577,2770,2564
1973,2765,2559,2755,2579
1974,2797,2527,2782,2552
1975,2757,2567,2791,2543
1976,2776,2548,2760,2574
1977,2777,2547,2777,2557
1978,2763,2561,2741,2593
1979,2789,2535,2768,2566
1980,2820,2504,2770,2564
1981,2763,2561,2803,2531
1982,2781,2543,2710,2624
1983,2817,2507,2742,2592
1984,2772,2552,2789,2545
1985,2769,2555,2775,2559
1986,2778,2546,2755,2579
1987,2766,2558,2823,2511
1988,2736,2588,2735,2599
1989,2771,2553,2787,2547
1990,2779,2545,2787,2547
1991,2778,2546,2760,2574
1992,2750,2574,2793,2541
1993,2747,2577,2782,2552
1994,2782,2542,2791,2543
1995,2775,2549,2788,2546
1996,2775,2549,2769,2565
1997,2797,2527,2771,2563
1998,2783,2541,2809,2525
1999,2794,2530,2777,2557
2000,2778,2546,2810,2524
2001,2776,2548,2812,2522
2002,2759,2565,2768,2566
2003,2803,2521,2805,2529
2004,2777,2547,2760,2574
2005,2785,2539,2782,2552
2006,2743,2581,2801,2533
2007,2775,2549,2807,2527
2008,2763,2561,2791,2543
2009,2765,2559,2825,2509
2010,2760,2564,2790,2544
2011,2745,2579,2794,2540
2012,2774,2550,2815,2519
2013,2729,2595,2782,2552
2014,2740,2584,2798,2536
2015,2754,2570,2819,2515
2016,2763,2561,2818,2516
2017,2759,2565,2776,2558
2018,2766,2558,2832,2502
2019,2730,2594,2826,2508
2020,2757,2567,2804,2530
2021,2759,2565,2792,2542
2022,2741,2583,2816,2518
2023,2713,2611,2803,2531
2024,2772,2552,2827,2507
2025,2727,2597,2790,2544
2026,2746,2578,2808,2526
2027,2744,2580,2817,2517
2028,2753,2571,2793,2541
2029,2774,2550,2827,2507
2030,2779,2545,2785,2549
2031,2781,2543,2793,2541
2032,2744,2580,2789,2545
2033,2803,2521,2814,2520
2034,2743,2581,2794,2540
2035,2751,2573,2811,2523
2036,2770,2554,2813,2521
2037,2751,2573,2805,2529
2038,2753,2571,2765,2569
2039,2753,2571,2798,2536
2040,2741,2583,2785,2549
2041,2784,2540,2785,2549
2042,2760,2564,2768,2566
2043,2737,2587,2765,2569
2044,2722,2602,2812,2522
2045,2739,2585,2766,2568
2046,2758,2566,2778,2556
2047,2760,2564,2778,2556
2048,2790,2534,2795,2539
2049,2761,2563,2803,2531
2050,2725,2599,2793,2541
2051,2738,2586,2785,2549
2052,2755,2569,2801,2533
2053,2765,2559,2782,2552
2054,2766,2558,2787,2547
2055,2777,2547,2791,2543
2056,2784,2540,2758,2576
2057,2770,2554,2748,2586
2058,2761,2563,2807,2527
2059,2730,2594,2797,2537
2060,2751,2573,2826,2508
2061,2754,2570,2759,2575
2062,2788,2536,2810,2524
2063,2758,2566,2752,2582
2064,2744,2580,2742,2592
2065,2746,2578,2805,2529
2066,2777,2547,2798,2536
2067,2761,2563,2784,2550
2068,2809,2515,2789,2545
2069,2782,2542,2781,2553
2070,2815,2509,2784,2550
2071,2746,2578,2816,2518
2072,2761,2563,2815,2519
2073,2757,2567,2777,2557
2074,2785,2539,2797,2537
2075,2753,2571,2793,2541
2076,2743,2581,2750,2584
2077,2784,2540,2834,2500
2078,2843,2481,2777,2557
2079,2791,2533,2785,2549
2080,2784,2540,2807,2527
2081,2834,2490,2785,2549
2082,2800,2524,2796,2538
2083,2792,2532,2784,2550
2084,2789,2535,2765,2569
2085,2792,2532,2782,2552
2086,2793,2531,2749,2585
2087,2779,2545,2795,2539
2088,2783,2541,2776,2558
2089,2776,2548,2804,2530
2090,2773,2551,2779,2555
2091,2782,2542,2775,2559
2092,2771,2553,2776,2558
2093,2744,2580,2752,2582
2094,2805,2519,2764,2570
2095,2814,2510,2830,2504
2096,2734,2590,2765,2569
2097,2777,2547,2792,2542
2098,2742,2582,2797,2537
2099,2786,2538,2807,2527
2100,2743,2581,2723,2611
2101,2783,2541,2783,2551
2102,2765,2559,2766,2568
2103,2811,2513,2778,2556
2104,2741,2583,2765,2569
2105,2785,2539,2771,2563
2106,2771,2553,2771,2563
2107,2769,2555,2760,2574
2108,2797,2527,2784,2550
2109,2800,2524,2773,2561
2110,2817,2507,2780,2554
2111,2778,2546,2782,2552
2112,2819,2505,2784,2550
2113,2783,2541,2776,2558
2114,2802,2522,2761,2573
2115,2785,2539,2805,2529
2116,2787,2537,2760,2574
2117,2788,2536,2757,2577
2118,2776,2548,2781,2553
2119,2815,2509,2782,2552
2120,2772,2552,2778,2556
2121,2778,2546,2785,2549
2122,2784,2540,2780,2554
2123,2833,2491,2772,2562
2124,2806,2518,2782,2552
2125,2798,2526,2715,2619
2126,2804,2520,2795,2539
2127,2792,2532,2775,2559
2128,2805,2519,2739,2595
2129,2807,2517,2762,2572
2130,2801,2523,2775,2559
2131,2816,2508,2799,2535
2132,2772,2552,2781,2553
2133,2772,2552,2760,2574
2134,2793,2531,2763,2571
2135,2766,2558,2739,2595
2136,2774,2550,2760,2574
2137,2735,2589,2765,2569
2138,2785,2539,2772,2562
2139,2781,2543,2750,2584
2140,2777,2547,2823,2511
2141,2795,2529,2837,2497
2142,2751,2573,2808,2526
2143,2773,2551,2781,2553
2144,2797,2527,2776,2558
2145,2826,2498,2791,2543
2146,2798,2526,2760,2574
2147,2809,2515,2782,2552
2148,2795,2529,2768,2566
2149,2794,2530,2773,2561
2150,2775,2549,2763,2571
2151,2793,2531,2773,2561
2152,2821,2503,2750,2584
2153,2821,2503,2727,2607
2154,2764,2560,2742,2592
2155,2815,2509,2789,2545
2156,2811,2513,2746,2588
2157,2790,2534,2771,2563
2158,2770,2554,2713,2621
2159,2756,2568,2761,2573
2160,2794,2530,2794,2540
2161,2809,2515,2767,2567
2162,2794,2530,2742,2592
2163,2774,2550,2751,2583
2164,2786,2538,2750,2584
2165,2796,2528,2721,2613
2166,2783,2541,2768,2566
2167,2794,2530,2771,2563
2168,2824,2500,2776,2558
2169,2809,2515,2760,2574
2170,2807,2517,2749,2585
2171,2787,2537,2769,2565
2172,2787,2537,2769,2565
2173,2800,2524,2761,2573
2174,2780,2544,2768,2566
2175,2795,2529,2777,2557
2176,2797,2527,2769,2565
2177,2815,2509,2784,2550
2178,2803,2521,2759,2575
2179,2802,2522,2779,2555
2180,2769,2555,2776,2558
2181,2786,2538,2747,2587
2182,2794,2530,2746,2588
2183,2793,2531,2716,2618
2184,2772,2552,2751,2583
2185,2764,2560,2779,2555
2186,2828,2496,2759,2575
2187,2814,2510,2782,2552
2188,2807,2517,2756,2578
2189,2793,2531,2758,2576
2190,2807,2517,2713,2621
2191,2776,2548,2766,2568
2192,2798,2526,2756,2578
2193,2810,2514,2761,2573
2194,2813,2511,2803,2531
2195,2782,2542,2743,2591
2196,2798,2526,2779,2555
2197,2819,2505,2758,2576
2198,2809,2515,2746,2588
2199,2798,2526,2739,2595
2200,2756,2568,2747,2587
2201,2802,2522,2726,2608
2202,2788,2536,2751,2583
2203,2787,2537,2764,2570
2204,2809,2515,2743,2591
2205,2804,2520,2765,2569
2206,2825,2499,2733,2601
2207,2782,2542,2750,2584
2208,2794,2530,2776,2558
2209,2774,2550,2752,2582
2210,2764,2560,2786,2548
2211,2789,2535,2773,2561
2212,2802,2522,2756,2578
2213,2788,2536,2759,2575
2214,2806,2518,2785,2549
2215,2834,2490,2788,2546
2216,2794,2530,2802,2532
2217,2784,2540,2767,2567
2218,2768,2556,2724,2610
2219,2799,2525,2747,2587
2220,2791,2533,2745,2589
2221,2811,2513,2758,2576
2222,2795,2529,2785,2549
2223,2818,2506,2784,2550
2224,2812,2512,2759,2575
2225,2796,2528,2723,2611
2226,2789,2535,2726,2608
2227,2782,2542,2775,2559
2228,2816,2508,2738,2596
2229,2781,2543,2765,2569
2230,2803,2521,2787,2547
2231,2776,2548,2762,2572
2232,2745,2579,2727,2607
2233,2778,2546,2761,2573
2234,2801,2523,2766,2568
2235,2797,2527,2750,2584
2236,2800,2524,2738,2596
2237,2801,2523,2771,2563
2238,2782,2542,2762,2572
2239,2818,2506,2784,2550
2240,2807,2517,2744,2590
2241,2799,2525,2742,2592
2242,2758,2566,2723,2611
2243,2784,2540,2745,2589
2244,2802,2522,2789,2545
2245,2792,2532,2796,2538
2246,2786,2538,2789,2545
2247,2800,2524,2770,2564
2248,2778,2546,2790,2544
2249,2749,2575,2768,2566
2250,2766,2558,2744,2590
2251,2813,2511,2808,2526
2252,2805,2519,2765,2569
2253,2796,2528,2777,2557
2254,2736,2588,2754,2580
2255,2807,2517,2764,2570
2256,2763,2561,2788,2546
2257,2789,2535,2777,2557
2258,2773,2551,2763,2571
2259,2764,2560,2774,2560
2260,2748,2576,2763,2571
2261,2774,2550,2769,2565
2262,2783,2541,2791,2543
2263,2770,2554,2771,2563
2264,2753,2571,2751,2583
2265,2757,2567,2788,2546
2266,2803,2521,2761,2573
2267,2780,2544,2776,2558
2268,2757,2567,2782,2552
2269,2802,2522,2786,2548
2270,2754,2570,2743,2591
2271,2789,2535,2794,2540
2272,2785,2539,2790,2544
2273,2814,2510,2786,2548
2274,2784,2540,2780,2554
2275,2786,2538,2761,2573
2276,2770,2554,2791,2543
2277,2813,2511,2790,2544
2278,2777,2547,2780,2554
2279,2748,2576,2725,2609
2280,2775,2549,2774,2560
2281,2784,2540,2791,2543
2282,2807,2517,2782,2552
2283,2777,2547,2822,2512
2284,2762,2562,2809,2525
2285,2826,2498,2797,2537
2286,2783,2541,2805,2529
2287,2742,2582,2788,2546
2288,2788,2536,2782,2552
2289,2784,2540,2803,2531
2290,2744,2580,2793,2541
2291,2768,2556,2756,2578
2292,2785,2539,2784,2550
2293,2806,2518,2797,2537
2294,2769,2555,2772,2562
2295,2746,2578,2757,2577
2296,2785,2539,2787,2547
2297,2788,2536,2758,2576
2298,2798,2526,2804,2530
2299,2736,2588,2788,2546
2300,2783,2541,2774,2560
2301,2761,2563,2786,2548
2302,2786,2538,2771,2563
2303,2737,2587,2779,2555
2304,2778,2546,2796,2538
2305,2781,2543,2790,2544
2306,2793,2531,2760,2574
2307,2765,2559,2804,2530
2308,2757,2567,2787,2547
2309,2807,2517,2800,2534
2310,2778,2546,2790,2544
2311,2752,2572,2783,2551
2312,2780,2544,2790,2544
2313,2800,2524,2773,2561
2314,2765,2559,2784,2550
2315,2763,2561,2797,2537
2316,2719,2605,2740,2594
2317,2748,2576,2819,2515
2318,2773,2551,2775,2559
2319,2757,2567,2807,2527
2320,2764,2560,2797,2537
2321,2768,2556,2788,2546
2322,2786,2538,2795,2539
2323,2761,2563,2782,2552
2324,2786,2538,2784,2550
2325,2765,2559,2791,2543
2326,2756,2568,2779,2555
2327,2759,2565,2812,2522
2328,2776,2548,2817,2517
2329,2754,2570,2752,2582
2330,2754,2570,2805,2529
2331,2816,2508,2808,2526
2332,2754,2570,2802,2532
2333,2749,2575,2743,2591
2334,2744,2580,2788,2546
2335,2828,2496,2768,2566
2336,2778,2546,2766,2568
2337,2753,2571,2769,2565
2338,2748,2576,2807,2527
2339,2738,2586,2803,2531
2340,2750,2574,2813,2521
2341,2801,2523,2770,2564
2342,2767,2557,2785,2549
2343,2765,2559,2780,2554
2344,2740,2584,2726,2608
2345,2780,2544,2779,2555
2346,2830,2494,2800,2534
2347,2764,2560,2804,2530
2348,2766,2558,2800,2534
2349,2735,2589,2786,2548
2350,2738,2586,2799,2535
2351,2774,2550,2818,2516
2352,2765,2559,2775,2559
2353,2711,2613,2766,2568
2354,2713,2611,2812,2522
2355,2734,2590,2774,2560
2356,2746,2578,2782,2552
2357,2761,2563,2801,2533
2358,2741,2583,2780,2554
2359,2801,2523,2793,2541
2360,2744,2580,2770,2564
2361,2768,2556,2781,2553
2362,2787,2537,2810,2524
2363,2765,2559,2790,2544
2364,2738,2586,2832,2502
2365,2792,2532,2792,2542
2366,2740,2584,2833,2501
2367,2770,2554,2800,2534
2368,2763,2561,2790,2544
2369,2821,2503,2776,2558
2370,2783,2541,2783,2551
2371,2763,2561,2811,2523
2372,2761,2563,2773,2561
2373,2781,2543,2784,2550
2374,2782,2542,2783,2551
2375,2779,2545,2772,2562
2376,2779,2545,2815,2519
2377,2762,2562,2779,2555
2378,2788,2536,2765,2569
2379,2778,2546,2788,2546
2380,2782,2542,2783,2551
2381,2778,2546,2800,2534
2382,2773,2551,2760,2574
2383,2758,2566,2745,2589
2384,2772,2552,2789,2545
2385,2753,2571,2781,2553
2386,2751,2573,2766,2568
2387,2768,2556,2808,2526
2388,2800,2524,2811,2523
2389,2790,2534,2806,2528
2390,2808,2516,2776,2558
2391,2799,2525,2772,2562
2392,2771,2553,2812,2522
2393,2791,2533,2735,2599
2394,2783,2541,2810,2524
2395,2792,2532,2757,2577
2396,2767,2557,2803,2531
2397,2811,2513,2811,2523
2398,2813,2511,2777,2557
2399,2754,2570,2775,2559
2400,2761,2563,2746,2588
2401,2778,2546,2745,2589
2402,2786,2538,2788,2546
2403,2770,2554,2760,2574
2404,2767,2557,2752,2582
2405,2781,2543,2786,2548
2406,2779,2545,2811,2523
2407,2736,2588,2787,2547
2408,2816,2508,2800,2534
2409,2775,2549,2764,2570
2410,2776,2548,2795,2539
2411,2759,2565,2810,2524
2412,2798,2526,2818,2516
2413,2773,2551,2785,2549
2414,2806,2518,2765,2569
2415,2774,2550,2789,2545
2416,2748,2576,2790,2544
2417,2751,2573,2775,2559
2418,2790,2534,2770,2564
2419,2759,2565,2751,2583
2420,2748,2576,2778,2556
2421,2746,2578,2744,2590
2422,2742,2582,2783,2551
2423,2770,2554,2783,2551
2424,2763,2561,2747,2587
2425,2744,2580,2775,2559
2426,2789,2535,2788,2546
2427,2792,2532,2771,2563
2428,2771,2553,2742,2592
2429,2744,2580,2798,2536
2430,2775,2549,2777,2557
2431,2785,2539,2774,2560
2432,2779,2545,2792,2542
2433,2803,2521,2760,2574
2434,2763,2561,2762,2572
2435,2755,2569,2779,2555
2436,2729,2595,2747,2587
2437,2736,2588,2778,2556
2438,2785,2539,2774,2560
2439,2736,2588,2762,2572
2440,2790,2534,2785,2549
2441,2757,2567,2765,2569
2442,2798,2526,2779,2555
2443,2758,2566,2761,2573
2444,2763,2561,2776,2558
2445,2774,2550,2743,2591
2446,2779,2545,2744,2590
2447,2789,2535,2750,2584
2448,2776,2548,2753,2581
2449,2754,2570,2720,2614
2450,2778,2546,2768,2566
2451,2785,2539,2781,2553
2452,2790,2534,2797,2537
2453,2787,2537,2822,2512
2454,2778,2546,2769,2565
2455,2758,2566,2808,2526
2456,2822,2502,2758,2576
2457,2789,2535,2775,2559
2458,2743,2581,2821,2513
2459,2771,2553,2765,2569
2460,2758,2566,2755,2579
2461,2754,2570,2763,2571
2462,2767,2557,2782,2552
2463,2810,2514,2779,2555
2464,2759,2565,2746,2588
2465,2753,2571,2777,2557
2466,2796,2528,2748,2586
2467,2794,2530,2768,2566
2468,2797,2527,2750,2584
2469,2772,2552,2763,2571
2470,2751,2573,2784,2550
2471,2737,2587,2783,2551
2472,2752,2572,2765,2569
2473,2756,2568,2801,2533
2474,2763,2561,2777,2557
2475,2738,2586,2779,2555
2476,2777,2547,2773,2561
2477,2749,2575,2773,2561
2478,2732,2592,2776,2558
2479,2764,2560,2791,2543
2480,2765,2559,2827,2507
2481,2757,2567,2807,2527
2482,2775,2549,2801,2533
2483,2766,2558,2788,2546
2484,2763,2561,2794,2540
2485,2724,2600,2792,2542
2486,2738,2586,2792,2542
2487,2761,2563,2807,2527
2488,2769,2555,2816,2518
2489,2765,2559,2786,2548
2490,2731,2593,2797,2537
2491,2768,2556,2798,2536
2492,2805,2519,2823,2511
2493,2742,2582,2832,2502
2494,2715,2609,2840,2494
2495,2786,2538,2782,2552
2496,2755,2569,2764,2570
2497,2749,2575,2827,2507
2498,2791,2533,2785,2549
2499,2789,2535,2805,2529
2500,2746,2578,2796,2538
2501,2736,2588,2807,2527
2502,2729,2595,2777,2557
2503,2759,2565,2790,2544
2504,2770,2554,2831,2503
2505,2739,2585,2796,2538
2506,2704,2620,2806,2528
2507,2735,2589,2795,2539
2508,2759,2565,2809,2525
2509,2738,2586,2816,2518
2510,2766,2558,2770,2564
2511,2777,2547,2821,2513
2512,2772,2552,2787,2547
2513,2744,2580,2775,2559
2514,2773,2551,2812,2522
2515,2775,2549,2778,2556
2516,2746,2578,2776,2558
2517,2775,2549,2799,2535
2518,2809,2515,2791,2543
2519,2782,2542,2791,2543
2520,2762,2562,2782,2552
2521,2767,2557,2764,2570
2522,2756,2568,2792,2542
2523,2757,2567,2818,2516
2524,2744,2580,2805,2529
2525,2779,2545,2809,2525
2526,2800,2524,2780,2554
2527,2791,2533,2773,2561
2528,2781,2543,2804,2530
2529,2820,2504,2763,2571
2530,2762,2562,2787,2547
2531,2798,2526,2804,2530
2532,2811,2513,2792,2542
2533,2748,2576,2774,2560
2534,2786,2538,2785,2549
2535,2781,2543,2733,2601
2536,2805,2519,2769,2565
2537,2778,2546,2750,2584
2538,2784,2540,2777,2557
2539,2767,2557,2744,2590
2540,2777,2547,2764,2570
2541,2776,2548,2766,2568
2542,2792,2532,2778,2556
2543,2754,2570,2800,2534
2544,2775,2549,2761,2573
2545,2802,2522,2735,2599
2546,2771,2553,2805,2529
2547,2772,2552,2801,2533
2548,2799,2525,2808,2526
2549,2807,2517,2803,2531
2550,2750,2574,2818,2516
2551,2769,2555,2767,2567
2552,2767,2557,2749,2585
2553,2784,2540,2784,2550
2554,2796,2528,2804,2530
2555,2826,2498,2792,2542
2556,2765,2559,2788,2546
2557,2797,2527,2811,2523
2558,2772,2552,2766,2568
2559,2777,2547,2764,2570
2560,2778,2546,2777,2557
2561,2786,2538,2799,2535
2562,2757,2567,2781,2553
2563,2702,2622,2766,2568
2564,2794,2530,2765,2569
2565,2789,2535,2777,2557
2566,2805,2519,2816,2518
2567,2788,2536,2796,2538
2568,2774,2550,2780,2554
2569,2741,2583,2792,2542
2570,2786,2538,2799,2535
2571,2761,2563,2764,2570
2572,2766,2558,2776,2558
2573,2814,2510,2795,2539
2574,2756,2568,2788,2546
2575,2782,2542,2751,2583
2576,2798,2526,2804,2530
2577,2789,2535,2748,2586
2578,2776,2548,2747,2587
2579,2776,2548,2748,2586
2580,2809,2515,2767,2567
2581,2777,2547,2725,2609
2582,2783,2541,2778,2556
2583,2782,2542,2797,2537
2584,2821,2503,2772,2562
2585,2802,2522,2753,2581
2586,2778,2546,2785,2549
2587,2789,2535,2804,2530
2588,2762,2562,2756,2578
2589,2800,2524,2798,2536
2590,2772,2552,2750,2584
2591,2766,2558,2764,2570
2592,2805,2519,2767,2567
2593,2816,2508,2735,2599
2594,2786,2538,2768,2566
2595,2806,2518,2775,2559
2596,2792,2532,2784,2550
2597,2821,2503,2748,2586
2598,2745,2579,2764,2570
2599,2797,2527,2791,2543
2600,2787,2537,2768,2566
2601,2807,2517,2733,2601
2602,2796,2528,2776,2558
2603,2782,2542,2792,2542
2604,2787,2537,2773,2561
2605,2802,2522,2780,2554
2606,2767,2557,2771,2563
2607,2763,2561,2763,2571
2608,2776,2548,2759,2575
2609,2791,2533,2767,2567
2610,2814,2510,2770,2564
2611,2762,2562,2756,2578
2612,2796,2528,2764,2570
2613,2784,2540,2740,2594
2614,2783,2541,2801,2533
2615,2795,2529,2768,2566
2616,2818,2506,2761,2573
2617,2764,2560,2750,2584
2618,2756,2568,2819,2515
2619,2787,2537,2757,2577
2620,2794,2530,2767,2567
2621,2784,2540,2734,2600
2622,2829,2495,2758,2576
2623,2792,2532,2766,2568
2624,2800,2524,2764,2570
2625,2803,2521,2761,2573
2626,2807,2517,2788,2546
2627,2823,2501,2792,2542
2628,2822,2502,2796,2538
2629,2809,2515,2747,2587
2630,2808,2516,2749,2585
2631,2789,2535,2750,2584
2632,2789,2535,2759,2575
2633,2785,2539,2790,2544
2634,2799,2525,2770,2564
2635,2829,2495,2771,2563
2636,2803,2521,2765,2569
2637,2772,2552,2805,2529
2638,2753,2571,2760,2574
2639,2810,2514,2773,2561
2640,2795,2529,2755,2579
2641,2747,2577,2742,2592
2642,2763,2561,2779,2555
2643,2792,2532,2783,2551
2644,2776,2548,2797,2537
2645,2814,2510,2806,2528
2646,2771,2553,2793,2541
2647,2795,2529,2784,2550
2648,2776,2548,2776,2558
2649,2751,2573,2777,2557
2650,2755,2569,2790,2544
2651,2762,2562,2780,2554
2652,2808,2516,2778,2556
2653,2799,2525,2762,2572
2654,2762,2562,2766,2568
2655,2806,2518,2764,2570
2656,2792,2532,2812,2522
2657,2785,2539,2778,2556
2658,2811,2513,2760,2574
2659,2817,2507,2803,2531
2660,2782,2542,2757,2577
2661,2784,2540,2793,2541
2662,2804,2520,2787,2547
2663,2740,2584,2726,2608
2664,2777,2547,2758,2576
2665,2759,2565,2741,2593
2666,2791,2533,2794,2540
2667,2764,2560,2777,2557
2668,2806,2518,2738,2596
2669,2804,2520,2779,2555
2670,2786,2538,2746,2588
2671,2754,2570,2767,2567
2672,2789,2535,2787,2547
2673,2786,2538,2777,2557
2674,2782,2542,2802,2532
2675,2768,2556,2760,2574
2676,2807,2517,2749,2585
2677,2766,2558,2770,2564
2678,2799,2525,2756,2578
2679,2792,2532,2780,2554
2680,2788,2536,2748,2586
2681,2806,2518,2781,2553
2682,2768,2556,2767,2567
2683,2799,2525,2794,2540
2684,2816,2508,2760,2574
2685,2799,2525,2767,2567
2686,2804,2520,2805,2529
2687,2781,2543,2781,2553
2688,2771,2553,2757,2577
2689,2785,2539,2754,2580
2690,2787,2537,2777,2557
2691,2812,2512,2781,2553
2692,2806,2518,2779,2555
2693,2813,2511,2798,2536
2694,2776,2548,2799,2535
2695,2785,2539,2791,2543
2696,2763,2561,2788,2546
2697,2809,2515,2788,2546
2698,2823,2501,2794,2540
2699,2770,2554,2792,2542
2700,2763,2561,2787,2547
2701,2806,2518,2817,2517
2702,2780,2544,2808,2526
2703,2789,2535,2763,2571
2704,2746,2578,2796,2538
2705,2772,2552,2791,2543
2706,2772,2552,2795,2539
2707,2757,2567,2767,2567
2708,2767,2557,2783,2551
2709,2768,2556,2766,2568
2710,2761,2563,2768,2566
2711,2766,2558,2799,2535
2712,2806,2518,2784,2550
2713,2778,2546,2807,2527
2714,2737,2587,2781,2553
2715,2765,2559,2781,2553
2716,2744,2580,2778,2556
2717,2766,2558,2759,2575
2718,2788,2536,2765,2569
2719,2751,2573,2772,2562
2720,2771,2553,2751,2583
2721,2759,2565,2791,2543
2722,2770,2554,2763,2571
2723,2804,2520,2783,2551
2724,2742,2582,2791,2543
2725,2766,2558,2775,2559
2726,2760,2564,2785,2549
2727,2754,2570,2790,2544
2728,2788,2536,2769,2565
2729,2758,2566,2762,2572
2730,2791,2533,2791,2543
2731,2778,2546,2791,2543
2732,2772,2552,2754,2580
2733,2765,2559,2773,2561
2734,2794,2530,2790,2544
2735,2770,2554,2785,2549
2736,2776,2548,2769,2565
2737,2713,2611,2809,2525
2738,2758,2566,2758,2576
2739,2781,2543,2813,2521
2740,2762,2562,2834,2500
2741,2761,2563,2779,2555
2742,2766,2558,2794,2540
2743,2749,2575,2825,2509
2744,2765,2559,2805,2529
2745,2798,2526,2781,2553
2746,2791,2533,2831,2503
2747,2794,2530,2788,2546
2748,2780,2544,2791,2543
2749,2747,2577,2774,2560
2750,2787,2537,2807,2527
2751,2781,2543,2817,2517
2752,2741,2583,2792,2542
2753,2766,2558,2782,2552
2754,2749,2575,2797,2537
2755,2752,2572,2785,2549
2756,2766,2558,2745,2589
2757,2767,2557,2790,2544
2758,2775,2549,2769,2565
2759,2758,2566,2776,2558
2760,2755,2569,2739,2595
2761,2772,2552,2793,2541
2762,2782,2542,2809,2525
2763,2793,2531,2804,2530
2764,2779,2545,2789,2545
2765,2782,2542,2749,2585
2766,2787,2537,2776,2558
2767,2738,2586,2817,2517
2768,2764,2560,2780,2554
2769,2791,2533,2798,2536
2770,2751,2573,2766,2568
2771,2755,2569,2783,2551
2772,2808,2516,2767,2567
2773,2762,2562,2787,2547
2774,2779,2545,2754,2580
2775,2753,2571,2806,2528
2776,2724,2600,2783,2551
2777,2782,2542,2771,2563
2778,2772,2552,2784,2550
2779,2744,2580,2781,2553
2780,2796,2528,2762,2572
2781,2760,2564,2797,2537
2782,2781,2543,2765,2569
2783,2775,2549,2813,2521
2784,2780,2544,2784,2550
2785,2771,2553,2763,2571
2786,2752,2572,2795,2539
2787,2789,2535,2789,2545
2788,2743,2581,2801,2533
2789,2782,2542,2809,2525
2790,2781,2543,2777,2557
2791,2790,2534,2774,2560
2792,2742,2582,2783,2551
2793,2795,2529,2768,2566
2794,2783,2541,2801,2533
2795,2765,2559,2796,2538
2796,2729,2595,2790,2544
2797,2764,2560,2768,2566
2798,2773,2551,2791,2543
2799,2770,2554,2777,2557
2800,2769,2555,2806,2528
2801,2777,2547,2794,2540
2802,2726,2598,2771,2563
2803,2784,2540,2788,2546
2804,2784,2540,2772,2562
2805,2768,2556,2767,2567
2806,2777,2547,2798,2536
2807,2757,2567,2783,2551
2808,2783,2541,2821,2513
2809,2776,2548,2785,2549
2810,2740,2584,2789,2545
2811,2753,2571,2829,2505
2812,2786,2538,2785,2549
2813,2750,2574,2780,2554
2814,2755,2569,2822,2512
2815,2748,2576,2742,2592
2816,2767,2557,2810,2524
2817,2793,2531,2766,2568
2818,2756,2568,2745,2589
2819,2746,2578,2726,2608
2820,2778,2546,2784,2550
2821,2746,2578,2818,2516
2822,2804,2520,2801,2533
2823,2745,2579,2815,2519
2824,2800,2524,2799,2535
2825,2766,2558,2784,2550
2826,2781,2543,2772,2562
2827,2738,2586,2807,2527
2828,2765,2559,2797,2537
2829,2746,2578,2778,2556
2830,2777,2547,2798,2536
2831,2732,2592,2795,2539
2832,2767,2557,2763,2571
2833,2766,2558,2815,2519
2834,2750,2574,2740,2594
2835,2741,2583,2787,2547
2836,2769,2555,2782,2552
2837,2725,2599,2770,2564
2838,2726,2598,2769,2565
2839,2768,2556,2779,2555
2840,2761,2563,2811,2523
2841,2727,2597,2795,2539
2842,2756,2568,2762,2572
2843,2773,2551,2799,2535
2844,2788,2536,2796,2538
2845,2757,2567,2753,2581
2846,2740,2584,2796,2538
2847,2748,2576,2806,2528
2848,2759,2565,2756,2578
2849,2750,2574,2815,2519
2850,2758,2566,2828,2506
2851,2759,2565,2810,2524
2852,2759,2565,2835,2499
2853,2804,2520,2832,2502
2854,2777,2547,2785,2549
2855,2765,2559,2843,2491
2856,2721,2603,2817,2517
2857,2762,2562,2828,2506
2858,2770,2554,2810,2524
2859,2715,2609,2812,2522
2860,2748,2576,2776,2558
2861,2753,2571,2802,2532
2862,2785,2539,2775,2559
2863,2771,2553,2798,2536
2864,2776,2548,2810,2524
2865,2756,2568,2815,2519
2866,2743,2581,2807,2527
2867,2752,2572,2834,2500
2868,2734,2590,2806,2528
2869,2763,2561,2779,2555
2870,2762,2562,2809,2525
2871,2781,2543,2787,2547
2872,2750,2574,2800,2534
2873,2780,2544,2811,2523
2874,2775,2549,2764,2570
2875,2768,2556,2820,2514
2876,2762,2562,2795,2539
2877,2736,2588,2791,2543
2878,2758,2566,2827,2507
2879,2756,2568,2783,2551
2880,2775,2549,2794,2540
2881,2754,2570,2812,2522
2882,2771,2553,2811,2523
2883,2806,2518,2818,2516
2884,2759,2565,2800,2534
2885,2792,2532,2785,2549
2886,2774,2550,2833,2501
2887,2733,2591,2817,2517
2888,2754,2570,2773,2561
2889,2772,2552,2804,2530
2890,2745,2579,2815,2519
2891,2730,2594,2782,2552
2892,2710,2614,2777,2557
2893,2736,2588,2787,2547
2894,2738,2586,2834,2500
2895,2739,2585,2802,2532
2896,2742,2582,2790,2544
2897,2765,2559,2799,2535
2898,2754,2570,2798,2536
2899,2734,2590,2813,2521
2900,2764,2560,2807,2527
2901,2783,2541,2805,2529
2902,2740,2584,2792,2542
2903,2758,2566,2772,2562
2904,2790,2534,2790,2544
2905,2734,2590,2793,2541
2906,2785,2539,2823,2511
2907,2740,2584,2792,2542
2908,2760,2564,2845,2489
2909,2757,2567,2799,2535
2910,2747,2577,2824,2510
2911,2760,2564,2770,2564
2912,2744,2580,2776,2558
2913,2789,2535,2810,2524
2914,2769,2555,2794,2540
2915,2792,2532,2786,2548
2916,2757,2567,2783,2551
2917,2761,2563,2782,2552
2918,2778,2546,2799,2535
2919,2763,2561,2767,2567
2920,2765,2559,2794,2540
2921,2780,2544,2810,2524
2922,2737,2587,2789,2545
2923,2754,2570,2766,2568
2924,2752,2572,2793,2541
2925,2752,2572,2798,2536
2926,2778,2546,2835,2499
2927,2734,2590,2759,2575
2928,2770,2554,2820,2514
2929,2758,2566,2808,2526
2930,2757,2567,2769,2565
2931,2767,2557,2788,2546
2932,2752,2572,2808,2526
2933,2763,2561,2791,2543
2934,2795,2529,2805,2529
2935,2752,2572,2789,2545
2936,2781,2543,2796,2538
2937,2769,2555,2793,2541
2938,2755,2569,2806,2528
2939,2752,2572,2783,2551
2940,2733,2591,2785,2549
2941,2721,2603,2797,2537
2942,2802,2522,2789,2545
2943,2740,2584,2821,2513
2944,2721,2603,2802,2532
2945,2750,2574,2811,2523
2946,2746,2578,2783,2551
2947,2767,2557,2802,2532
2948,2756,2568,2770,2564
2949,2755,2569,2798,2536
2950,2776,2548,2795,2539
2951,2752,2572,2777,2557
2952,2753,2571,2801,2533
2953,2773,2551,2813,2521
2954,2785,2539,2799,2535
2955,2775,2549,2812,2522
2956,2761,2563,2793,2541
2957,2764,2560,2810,2524
2958,2759,2565,2771,2563
2959,2752,2572,2829,2505
2960,2758,2566,2814,2520
2961,2770,2554,2800,2534
2962,2745,2579,2791,2543
2963,2731,2593,2793,2541
2964,2745,2579,2813,2521
2965,2786,2538,2799,2535
2966,2740,2584,2794,2540
2967,2757,2567,2784,2550
2968,2743,2581,2787,2547
2969,2738,2586,2831,2503
2970,2717,2607,2798,2536
2971,2769,2555,2773,2561
2972,2766,2558,2821,2513
2973,2776,2548,2793,2541
2974,2754,2570,2787,2547
2975,2735,2589,2769,2565
2976,2772,2552,2817,2517
2977,2740,2584,2785,2549
2978,2747,2577,2803,2531
2979,2758,2566,2767,2567
2980,2750,2574,2817,2517
2981,2752,2572,2828,2506
2982,2724,2600,2809,2525
2983,2778,2546,2828,2506
2984,2772,2552,2803,2531
2985,2743,2581,2766,2568
2986,2768,2556,2784,2550
2987,2739,2585,2807,2527
2988,2767,2557,2813,2521
2989,2726,2598,2814,2520
2990,2720,2604,2799,2535
2991,2744,2580,2820,2514
2992,2747,2577,2811,2523
2993,2730,2594,2808,2526
2994,2736,2588,2824,2510
2995,2725,2599,2815,2519
2996,2749,2575,2845,2489
2997,2765,2559,2805,2529
2998,2783,2541,2785,2549
2999,2767,2557,2832,2502
3000,2761,2563,2837,2497
3001,2764,2560,2819,2515
3002,2724,2600,2801,2533
3003,2727,2597,2802,2532
3004,2691,2633,2817,2517
3005,2754,2570,2815,2519
3006,2722,2602,2828,2506
3007,2731,2593,2812,2522
3008,2713,2611,2787,2547
3009,2737,2587,2793,2541
3010,2742,2582,2791,2543
3011,2749,2575,2814,2520
3012,2725,2599,2814,2520
3013,2751,2573,2783,2551
3014,2730,2594,2791,2543
3015,2769,2555,2763,2571
3016,2756,2568,2806,2528
3017,2769,2555,2824,2510
3018,2752,2572,2823,2511
3019,2762,2562,2810,2524
3020,2765,2559,2771,2563
3021,2753,2571,2806,2528
3022,2756,2568,2811,2523
3023,2748,2576,2778,2556
3024,2750,2574,2796,2538
3025,2755,2569,2787,2547
3026,2738,2586,2786,2548
3027,2713,2611,2807,2527
3028,2758,2566,2769,2565
3029,2774,2550,2823,2511
3030,2735,2589,2817,2517
3031,2765,2559,2802,2532
3032,2716,2608,2757,2577
3033,2788,2536,2780,2554
3034,2763,2561,2804,2530
3035,2725,2599,2768,2566
3036,2765,2559,2799,2535
3037,2765,2559,2769,2565
3038,2729,2595,2824,2510
3039,2721,2603,2777,2557
3040,2761,2563,2792,2542
3041,2747,2577,2759,2575
3042,2779,2545,2784,2550
3043,2767,2557,2793,2541
3044,2759,2565,2774,2560
3045,2739,2585,2775,2559
3046,2757,2567,2772,2562
3047,2790,2534,2794,2540
3048,2772,2552,2799,2535
3049,2784,2540,2782,2552
3050,2744,2580,2798,2536
3051,2771,2553,2834,2500
3052,2747,2577,2808,2526
3053,2766,2558,2811,2523
3054,2763,2561,2796,2538
3055,2725,2599,2765,2569
3056,2756,2568,2821,2513
3057,2786,2538,2750,2584
3058,2762,2562,2821,2513
3059,2759,2565,2772,2562
3060,2726,2598,2777,2557
3061,2756,2568,2803,2531
3062,2748,2576,2765,2569
3063,2756,2568,2783,2551
3064,2739,2585,2796,2538
3065,2769,2555,2791,2543
3066,2747,2577,2830,2504
3067,2771,2553,2809,2525
3068,2763,2561,2813,2521
3069,2754,2570,2806,2528
3070,2748,2576,2809,2525
3071,2752,2572,2837,2497
3072,2709,2615,2820,2514
3073,2757,2567,2784,2550
3074,2740,2584,2806,2528
3075,2729,2595,2802,2532
3076,2759,2565,2807,2527
3077,2779,2545,2778,2556
3078,2726,2598,2776,2558
3079,2758,2566,2805,2529
3080,2741,2583,2814,2520
3081,2754,2570,2787,2547
3082,2766,2558,2823,2511
3083,2745,2579,2811,2523
3084,2778,2546,2804,2530
3085,2785,2539,2816,2518
3086,2716,2608,2797,2537
3087,2781,2543,2788,2546
3088,2770,2554,2794,2540
3089,2770,2554,2790,2544
3090,2768,2556,2804,2530
3091,2756,2568,2790,2544
3092,2771,2553,2821,2513
3093,2781,2543,2785,2549
3094,2786,2538,2798,2536
3095,2779,2545,2788,2546
3096,2727,2597,2796,2538
3097,2735,2589,2760,2574
3098,2804,2520,2784,2550
3099,2760,2564,2822,2512
3100,2779,2545,2758,2576
3101,2801,2523,2816,2518
3102,2766,2558,2799,2535
3103,2743,2581,2796,2538
3104,2780,2544,2791,2543
3105,2754,2570,2786,2548
3106,2741,2583,2762,2572
3107,2747,2577,2807,2527
3108,2761,2563,2791,2543
3109,2772,2552,2836,2498
3110,2764,2560,2765,2569
3111,2803,2521,2800,2534
3112,2766,2558,2786,2548
3113,2754,2570,2784,2550
3114,2787,2537,2801,2533
3115,2798,2526,2813,2521
3116,2774,2550,2811,2523
3117,2754,2570,2766,2568
3118,2786,2538,2810,2524
3119,2766,2558,2771,2563
3120,2753,2571,2793,2541
3121,2737,2587,2778,2556
3122,2789,2535,2831,2503
3123,2778,2546,2814,2520
3124,2761,2563,2790,2544
3125,2769,2555,2799,2535
3126,2762,2562,2796,2538
3127,2773,2551,2816,2518
3128,2731,2593,2796,2538
3129,2777,2547,2792,2542
3130,2758,2566,2808,2526
3131,2759,2565,2838,2496
3132,2724,2600,2820,2514
3133,2732,2592,2806,2528
3134,2755,2569,2796,2538
3135,2770,2554,2790,2544
3136,2767,2557,2777,2557
3137,2772,2552,2835,2499
3138,2786,2538,2830,2504
3139,2734,2590,2776,2558
3140,2750,2574,2838,2496
3141,2754,2570,2782,2552
3142,2722,2602,2782,2552
3143,2751,2573,2794,2540
3144,2736,2588,2774,2560
3145,2771,2553,2805,2529
3146,2731,2593,2800,2534
3147,2763,2561,2790,2544
3148,2745,2579,2785,2549
3149,2736,2588,2782,2552
3150,2725,2599,2791,2543
3151,2772,2552,2792,2542
3152,2714,2610,2793,2541
3153,2756,2568,2795,2539
3154,2751,2573,2785,2549
3155,2748,2576,2789,2545
3156,2731,2593,2783,2551
3157,2771,2553,2801,2533
3158,2738,2586,2789,2545
3159,2744,2580,2789,2545
3160,2737,2587,2803,2531
3161,2738,2586,2791,2543
3162,2708,2616,2772,2562
3163,2728,2596,2786,2548
3164,2744,2580,2808,2526
3165,2781,2543,2808,2526
3166,2785,2539,2810,2524
3167,2767,2557,2798,2536
3168,2755,2569,2800,2534
3169,2732,2592,2763,2571
3170,2774,2550,2793,2541
3171,2757,2567,2805,2529
3172,2747,2577,2778,2556
3173,2762,2562,2781,2553
3174,2736,2588,2803,2531
3175,2747,2577,2777,2557
3176,2765,2559,2818,2516
3177,2740,2584,2776,2558
3178,2737,2587,2806,2528
3179,2731,2593,2822,2512
3180,2756,2568,2783,2551
3181,2725,2599,2832,2502
3182,2741,2583,2819,2515
3183,2708,2616,2790,2544
3184,2744,2580,2835,2499
3185,2757,2567,2762,2572
3186,2760,2564,2812,2522
3187,2761,2563,2834,2500
3188,2760,2564,2821,2513
3189,2768,2556,2829,2505
3190,2770,2554,2812,2522
3191,2758,2566,2766,2568
3192,2738,2586,2784,2550
3193,2748,2576,2796,2538
3194,2758,2566,2800,2534
3195,2754,2570,2798,2536
3196,2743,2581,2813,2521
3197,2715,2609,2802,2532
3198,2757,2567,2805,2529
3199,2763,2561,2788,2546
3200,2740,2584,2792,2542
3201,2779,2545,2783,2551
3202,2769,2555,2785,2549
3203,2760,2564,2815,2519
3204,2780,2544,2809,2525
3205,2766,2558,2776,2558
3206,2738,2586,2828,2506
3207,2744,2580,2806,2528
3208,2761,2563,2831,2503
3209,2758,2566,2816,2518
3210,2737,2587,2776,2558
3211,2757,2567,2791,2543
3212,2766,2558,2835,2499
3213,2763,2561,2829,2505
3214,2733,2591,2844,2490
3215,2752,2572,2782,2552
3216,2780,2544,2786,2548
3217,2796,2528,2815,2519
3218,2749,2575,2817,2517
3219,2747,2577,2801,2533
3220,2759,2565,2785,2549
3221,2772,2552,2806,2528
3222,2754,2570,2797,2537
3223,2749,2575,2764,2570
3224,2735,2589,2794,2540
3225,2748,2576,2792,2542
3226,2757,2567,2768,2566
3227,2752,2572,2788,2546
3228,2780,2544,2789,2545
3229,2746,2578,2813,2521
3230,2763,2561,2718,2616
3231,2782,2542,2764,2570
3232,2785,2539,2760,2574
3233,2789,2535,2791,2543
3234,2772,2552,2767,2567
3235,2758,2566,2848,2486
3236,2824,2500,2793,2541
3237,2750,2574,2804,2530
3238,2784,2540,2783,2551
3239,2766,2558,2802,2532
3240,2797,2527,2785,2549
3241,2763,2561,2796,2538
3242,2738,2586,2783,2551
3243,2752,2572,2760,2574
3244,2762,2562,2800,2534
3245,2761,2563,2767,2567
3246,2770,2554,2808,2526
3247,2788,2536,2815,2519
3248,2754,2570,2814,2520
3249,2753,2571,2776,2558
3250,2745,2579,2803,2531
3251,2795,2529,2791,2543
3252,2761,2563,2824,2510
3253,2777,2547,2810,2524
3254,2761,2563,2786,2548
3255,2761,2563,2796,2538
3256,2771,2553,2801,2533
3257,2770,2554,2767,2567
3258,2762,2562,2790,2544
3259,2791,2533,2781,2553
3260,2748,2576,2820,2514
3261,2775,2549,2787,2547
3262,2761,2563,2766,2568
3263,2784,2540,2799,2535
3264,2761,2563,2807,2527
3265,2738,2586,2759,2575
3266,2776,2548,2788,2546
3267,2783,2541,2796,2538
3268,2746,2578,2809,2525
3269,2759,2565,2794,2540
3270,2781,2543,2808,2526
3271,2805,2519,2817,2517
3272,2781,2543,2793,2541
3273,2779,2545,2800,2534
3274,2746,2578,2723,2611
3275,2770,2554,2789,2545
3276,2780,2544,2821,2513
3277,2783,2541,2785,2549
3278,2744,2580,2805,2529
3279,2771,2553,2801,2533
3280,2788,2536,2830,2504
3281,2774,2550,2783,2551
3282,2761,2563,2780,2554
3283,2774,2550,2790,2544
3284,2746,2578,2803,2531
3285,2746,2578,2809,2525
3286,2802,2522,2808,2526
3287,2783,2541,2792,2542
3288,2756,2568,2759,2575
3289,2807,2517,2817,2517
3290,2769,2555,2788,2546
3291,2797,2527,2759,2575
3292,2772,2552,2780,2554
3293,2789,2535,2791,2543
3294,2791,2533,2810,2524
3295,2762,2562,2791,2543
3296,2796,2528,2789,2545
3297,2820,2504,2785,2549
3298,2793,2531,2807,2527
3299,2735,2589,2804,2530
3300,2764,2560,2764,2570
3301,2754,2570,2836,2498
3302,2772,2552,2826,2508
3303,2762,2562,2834,2500
3304,2772,2552,2749,2585
3305,2772,2552,2789,2545
3306,2765,2559,2782,2552
3307,2798,2526,2769,2565
3308,2781,2543,2821,2513
3309,2771,2553,2781,2553
3310,2797,2527,2796,2538
3311,2814,2510,2759,2575
3312,2794,2530,2768,2566
3313,2764,2560,2758,2576
3314,2786,2538,2809,2525
3315,2791,2533,2801,2533
3316,2777,2547,2797,2537
3317,2782,2542,2756,2578
3318,2732,2592,2781,2553
3319,2772,2552,2795,2539
3320,2763,2561,2798,2536
3321,2790,2534,2812,2522
3322,2766,2558,2816,2518
3323,2747,2577,2781,2553
3324,2796,2528,2783,2551
3325,2808,2516,2746,2588
3326,2783,2541,2765,2569
3327,2740,2584,2807,2527
3328,2785,2539,2799,2535
3329,2767,2557,2775,2559
3330,2774,2550,2766,2568
3331,2784,2540,2758,2576
3332,2788,2536,2771,2563
3333,2810,2514,2769,2565
3334,2756,2568,2787,2547
3335,2754,2570,2753,2581
3336,2792,2532,2772,2562
3337,2739,2585,2761,2573
3338,2765,2559,2762,2572
3339,2784,2540,2749,2585
3340,2756,2568,2774,2560
3341,2750,2574,2784,2550
3342,2825,2499,2834,2500
3343,2815,2509,2788,2546
3344,2787,2537,2811,2523
3345,2753,2571,2816,2518
3346,2778,2546,2798,2536
3347,2809,2515,2818,2516
3348,2806,2518,2811,2523
3349,2790,2534,2796,2538
3350,2768,2556,2796,2538
3351,2762,2562,2788,2546
3352,2772,2552,2808,2526
3353,2766,2558,2802,2532
3354,2792,2532,2808,2526
3355,2793,2531,2751,2583
3356,2763,2561,2756,2578
3357,2738,2586,2793,2541
3358,2775,2549,2789,2545
3359,2784,2540,2801,2533
3360,2755,2569,2769,2565
3361,2757,2567,2783,2551
3362,2798,2526,2805,2529
3363,2767,2557,2768,2566
3364,2777,2547,2803,2531
3365,2783,2541,2816,2518
3366,2769,2555,2760,2574
3367,2777,2547,2808,2526
3368,2773,2551,2809,2525
3369,2778,2546,2779,2555
3370,2781,2543,2796,2538
3371,2773,2551,2814,2520
3372,2764,2560,2798,2536
3373,2787,2537,2785,2549
3374,2733,2591,2779,2555
3375,2769,2555,2762,2572
3376,2760,2564,2810,2524
3377,2786,2538,2770,2564
3378,2782,2542,2796,2538
3379,2788,2536,2812,2522
3380,2750,2574,2784,2550
3381,2784,2540,2795,2539
3382,2793,2531,2778,2556
3383,2784,2540,2794,2540
3384,2732,2592,2769,2565
3385,2773,2551,2792,2542
3386,2768,2556,2812,2522
3387,2750,2574,2777,2557
3388,2742,2582,2776,2558
3389,2763,2561,2787,2547
3390,2801,2523,2778,2556
3391,2792,2532,2772,2562
3392,2756,2568,2771,2563
3393,2737,2587,2749,2585
3394,2765,2559,2758,2576
3395,2741,2583,2823,2511
3396,2774,2550,2811,2523
3397,2742,2582,2754,2580
3398,2778,2546,2758,2576
3399,2769,2555,2757,2577
3400,2752,2572,2780,2554
3401,2762,2562,2807,2527
3402,2778,2546,2786,2548
3403,2765,2559,2794,2540
3404,2807,2517,2799,2535
3405,2768,2556,2809,2525
3406,2773,2551,2765,2569
3407,2772,2552,2795,2539
3408,2789,2535,2796,2538
3409,2792,2532,2788,2546
3410,2777,2547,2781,2553
3411,2759,2565,2777,2557
3412,2787,2537,2766,2568
3413,2776,2548,2767,2567
3414,2788,2536,2805,2529
3415,2771,2553,2802,2532
3416,2757,2567,2772,2562
3417,2737,2587,2770,2564
3418,2777,2547,2793,2541
3419,2800,2524,2788,2546
3420,2785,2539,2765,2569
3421,2755,2569,2783,2551
3422,2765,2559,2755,2579
3423,2757,2567,2814,2520
3424,2792,2532,2788,2546
3425,2761,2563,2806,2528
3426,2782,2542,2785,2549
3427,2751,2573,2764,2570
3428,2780,2544,2792,2542
3429,2818,2506,2804,2530
3430,2776,2548,2780,2554
3431,2800,2524,2792,2542
3432,2761,2563,2794,2540
3433,2765,2559,2748,2586
3434,2748,2576,2781,2553
3435,2781,2543,2777,2557
3436,2795,2529,2796,2538
3437,2776,2548,2802,2532
3438,2782,2542,2761,2573
3439,2793,2531,2802,2532
3440,2745,2579,2794,2540
3441,2757,2567,2801,2533
3442,2781,2543,2772,2562
3443,2776,2548,2774,2560
3444,2806,2518,2793,2541
3445,2761,2563,2792,2542
3446,2798,2526,2849,2485
3447,2810,2514,2783,2551
3448,2782,2542,2824,2510
3449,2800,2524,2793,2541
3450,2758,2566,2780,2554
3451,2814,2510,2803,2531
3452,2794,2530,2794,2540
3453,2749,2575,2799,2535
3454,2788,2536,2778,2556
3455,2779,2545,2760,2574
3456,2795,2529,2825,2509
3457,2752,2572,2789,2545
3458,2776,2548,2789,2545
3459,2797,2527,2774,2560
3460,2785,2539,2781,2553
3461,2801,2523,2768,2566
3462,2774,2550,2761,2573
3463,2774,2550,2731,2603
3464,2800,2524,2790,2544
3465,2808,2516,2748,2586
3466,2792,2532,2760,2574
3467,2782,2542,2793,2541
3468,2781,2543,2783,2551
3469,2743,2581,2774,2560
3470,2755,2569,2772,2562
3471,2774,2550,2797,2537
3472,2792,2532,2788,2546
3473,2811,2513,2825,2509
3474,2801,2523,2811,2523
3475,2769,2555,2797,2537
3476,2738,2586,2799,2535
3477,2793,2531,2777,2557
3478,2789,2535,2795,2539
3479,2773,2551,2769,2565
3480,2779,2545,2772,2562
3481,2762,2562,2804,2530
3482,2763,2561,2776,2558
3483,2762,2562,2806,2528
3484,2769,2555,2745,2589
3485,2805,2519,2803,2531
3486,2790,2534,2787,2547
3487,2779,2545,2764,2570
3488,2794,2530,2810,2524
3489,2773,2551,2799,2535
3490,2771,2553,2823,2511
3491,2716,2608,2792,2542
3492,2772,2552,2793,2541
3493,2771,2553,2789,2545
3494,2740,2584,2783,2551
3495,2771,2553,2798,2536
3496,2787,2537,2785,2549
3497,2741,2583,2751,2583
3498,2760,2564,2756,2578
3499,2794,2530,2743,2591
3500,2763,2561,2773,2561
3501,2761,2563,2774,2560
3502,2766,2558,2780,2554
3503,2779,2545,2755,2579
3504,2769,2555,2778,2556
3505,2760,2564,2779,2555
3506,2743,2581,2769,2565
3507,2761,2563,2786,2548
3508,2753,2571,2763,2571
3509,2758,2566,2757,2577
3510,2765,2559,2743,2591
3511,2765,2559,2769,2565
3512,2768,2556,2719,2615
3513,2753,2571,2772,2562
3514,2775,2549,2796,2538
3515,2764,2560,2816,2518
3516,2784,2540,2779,2555
3517,2770,2554,2775,2559
3518,2761,2563,2823,2511
3519,2787,2537,2784,2550
3520,2760,2564,2841,2493
3521,2789,2535,2771,2563
3522,2759,2565,2800,2534
3523,2777,2547,2779,2555
3524,2744,2580,2786,2548
3525,2741,2583,2805,2529
3526,2728,2596,2777,2557
3527,2754,2570,2794,2540
3528,2755,2569,2814,2520
3529,2782,2542,2810,2524
3530,2796,2528,2756,2578
3531,2775,2549,2752,2582
3532,2775,2549,2744,2590
3533,2753,2571,2777,2557
3534,2792,2532,2757,2577
3535,2785,2539,2833,2501
3536,2751,2573,2798,2536
3537,2802,2522,2795,2539
3538,2789,2535,2816,2518
3539,2767,2557,2760,2574
3540,2726,2598,2804,2530
3541,2757,2567,2790,2544
3542,2781,2543,2769,2565
3543,2761,2563,2776,2558
3544,2764,2560,2790,2544
3545,2772,2552,2762,2572
3546,2772,2552,2819,2515
3547,2753,2571,2802,2532
3548,2769,2555,2791,2543
3549,2748,2576,2789,2545
3550,2762,2562,2805,2529
3551,2765,2559,2770,2564
3552,2769,2555,2790,2544
3553,2726,2598,2813,2521
3554,2752,2572,2762,2572
3555,2763,2561,2786,2548
3556,2749,2575,2778,2556
3557,2775,2549,2735,2599
3558,2760,2564,2794,2540
3559,2746,2578,2772,2562
3560,2761,2563,2803,2531
3561,2763,2561,2787,2547
3562,2761,2563,2769,2565
3563,2814,2510,2838,2496
3564,2750,2574,2785,2549
3565,2777,2547,2820,2514
3566,2753,2571,2806,2528
3567,2763,2561,2762,2572
3568,2769,2555,2774,2560
3569,2755,2569,2805,2529
3570,2743,2581,2782,2552
3571,2746,2578,2818,2516
3572,2801,2523,2821,2513
3573,2747,2577,2790,2544
3574,2799,2525,2808,2526
3575,2772,2552,2810,2524
3576,2781,2543,2822,2512
3577,2765,2559,2788,2546
3578,2773,2551,2779,2555
3579,2757,2567,2815,2519
3580,2789,2535,2783,2551
3581,2807,2517,2798,2536
3582,2788,2536,2761,2573
3583,2784,2540,2778,2556
3584,2728,2596,2828,2506
3585,2762,2562,2787,2547
3586,2786,2538,2828,2506
3587,2761,2563,2761,2573
3588,2780,2544,2792,2542
3589,2754,2570,2794,2540
3590,2743,2581,2787,2547
3591,2735,2589,2802,2532
3592,2754,2570,2796,2538
3593,2726,2598,2774,2560
3594,2711,2613,2818,2516
3595,2723,2601,2784,2550
3596,2764,2560,2811,2523
3597,2739,2585,2794,2540
3598,2697,2627,2776,2558
3599,2737,2587,2827,2507
3600,2747,2577,2800,2534
3601,2749,2575,2816,2518
3602,2743,2581,2816,2518
3603,2771,2553,2776,2558
3604,2769,2555,2787,2547
3605,2739,2585,2817,2517
3606,2790,2534,2799,2535
3607,2746,2578,2804,2530
3608,2746,2578,2803,2531
3609,2795,2529,2813,2521
3610,2744,2580,2783,2551
3611,2745,2579,2841,2493
3612,2759,2565,2790,2544
3613,2748,2576,2806,2528
3614,2758,2566,2819,2515
3615,2791,2533,2843,2491
3616,2725,2599,2785,2549
3617,2777,2547,2814,2520
3618,2761,2563,2805,2529
3619,2764,2560,2860,2474
3620,2790,2534,2833,2501
3621,2768,2556,2796,2538
3622,2748,2576,2769,2565
3623,2751,2573,2801,2533
3624,2745,2579,2802,2532
3625,2766,2558,2807,2527
3626,2747,2577,2792,2542
3627,2709,2615,2800,2534
3628,2767,2557,2817,2517
3629,2753,2571,2793,2541
3630,2758,2566,2806,2528
3631,2754,2570,2775,2559
3632,2794,2530,2786,2548
3633,2769,2555,2799,2535
3634,2813,2511,2804,2530
3635,2761,2563,2792,2542
3636,2762,2562,2814,2520
3637,2770,2554,2793,2541
3638,2774,2550,2808,2526
3639,2740,2584,2776,2558
3640,2728,2596,2804,2530
3641,2758,2566,2831,2503
3642,2763,2561,2808,2526
3643,2719,2605,2799,2535
3644,2727,2597,2816,2518
3645,2769,2555,2792,2542
3646,2756,2568,2838,2496
3647,2764,2560,2835,2499
3648,2721,2603,2762,2572
3649,2739,2585,2804,2530
3650,2773,2551,2818,2516
3651,2743,2581,2821,2513
3652,2736,2588,2777,2557
3653,2708,2616,2793,2541
3654,2754,2570,2817,2517
3655,2797,2527,2805,2529
3656,2734,2590,2816,2518
3657,2769,2555,2770,2564
3658,2746,2578,2773,2561
3659,2757,2567,2782,2552
3660,2755,2569,2762,2572
3661,2789,2535,2808,2526
3662,2741,2583,2812,2522
3663,2703,2621,2801,2533
3664,2771,2553,2800,2534
3665,2762,2562,2798,2536
3666,2767,2557,2806,2528
3667,2741,2583,2799,2535
3668,2760,2564,2798,2536
3669,2786,2538,2784,2550
3670,2795,2529,2809,2525
3671,2786,2538,2791,2543
3672,2788,2536,2808,2526
3673,2785,2539,2818,2516
3674,2754,2570,2771,2563
3675,2746,2578,2762,2572
3676,2791,2533,2784,2550
3677,2689,2635,2770,2564
3678,2790,2534,2825,2509
3679,2784,2540,2797,2537
3680,2743,2581,2795,2539
3681,2762,2562,2765,2569
3682,2742,2582,2815,2519
3683,2722,2602,2749,2585
3684,2746,2578,2781,2553
3685,2744,2580,2782,2552
3686,2748,2576,2806,2528
3687,2773,2551,2819,2515
3688,2756,2568,2807,2527
3689,2753,2571,2778,2556
3690,2768,2556,2850,2484
3691,2759,2565,2817,2517
3692,2798,2526,2844,2490
3693,2745,2579,2825,2509
3694,2713,2611,2768,2566
3695,2727,2597,2771,2563
3696,2743,2581,2804,2530
3697,2745,2579,2757,2577
3698,2722,2602,2763,2571
3699,2745,2579,2790,2544
3700,2776,2548,2815,2519
3701,2766,2558,2801,2533
3702,2780,2544,2805,2529
3703,2752,2572,2811,2523
3704,2737,2587,2810,2524
3705,2750,2574,2787,2547
3706,2751,2573,2765,2569
3707,2755,2569,2803,2531
3708,2795,2529,2820,2514
3709,2781,2543,2796,2538
3710,2742,2582,2753,2581
3711,2767,2557,2806,2528
3712,2770,2554,2802,2532
3713,2704,2620,2748,2586
3714,2748,2576,2764,2570
3715,2739,2585,2818,2516
3716,2761,2563,2800,2534
3717,2740,2584,2835,2499
3718,2740,2584,2828,2506
3719,2768,2556,2819,2515
3720,2698,2626,2807,2527
3721,2757,2567,2799,2535
3722,2745,2579,2811,2523
3723,2730,2594,2783,2551
3724,2766,2558,2778,2556
3725,2741,2583,2770,2564
3726,2774,2550,2830,2504
3727,2719,2605,2825,2509
3728,2767,2557,2766,2568
3729,2743,2581,2823,2511
3730,2770,2554,2814,2520
3731,2758,2566,2787,2547
3732,2752,2572,2794,2540
3733,2718,2606,2779,2555
3734,2739,2585,2778,2556
3735,2725,2599,2827,2507
3736,2757,2567,2766,2568
3737,2739,2585,2824,2510
3738,2751,2573,2842,2492
3739,2752,2572,2802,2532
3740,2739,2585,2822,2512
3741,2757,2567,2810,2524
3742,2759,2565,2790,2544
3743,2756,2568,2812,2522
3744,2736,2588,2822,2512
3745,2778,2546,2797,2537
3746,2731,2593,2807,2527
3747,2730,2594,2798,2536
3748,2747,2577,2822,2512
3749,2747,2577,2763,2571
3750,2715,2609,2794,2540
3751,2754,2570,2768,2566
3752,2759,2565,2845,2489
3753,2777,2547,2791,2543
3754,2742,2582,2798,2536
3755,2740,2584,2780,2554
3756,2750,2574,2811,2523
3757,2750,2574,2801,2533
3758,2792,2532,2805,2529
3759,2762,2562,2810,2524
3760,2778,2546,2818,2516
3761,2773,2551,2784,2550
3762,2755,2569,2788,2546
3763,2765,2559,2818,2516
3764,2753,2571,2823,2511
3765,2741,2583,2820,2514
3766,2770,2554,2853,2481
3767,2759,2565,2787,2547
3768,2762,2562,2813,2521
3769,2768,2556,2780,2554
3770,2791,2533,2792,2542
3771,2814,2510,2823,2511
3772,2742,2582,2808,2526
3773,2742,2582,2776,2558
3774,2734,2590,2776,2558
3775,2752,2572,2808,2526
3776,2772,2552,2751,2583
3777,2737,2587,2824,2510
3778,2763,2561,2787,2547
3779,2756,2568,2814,2520
3780,2721,2603,2794,2540
3781,2749,2575,2797,2537
3782,2722,2602,2762,2572
3783,2751,2573,2787,2547
3784,2768,2556,2785,2549
3785,2757,2567,2773,2561
3786,2752,2572,2766,2568
3787,2786,2538,2828,2506
3788,2806,2518,2832,2502
3789,2767,2557,2824,2510
3790,2774,2550,2784,2550
3791,2766,2558,2804,2530
3792,2759,2565,2827,2507
3793,2755,2569,2831,2503
3794,2747,2577,2818,2516
3795,2725,2599,2828,2506
3796,2766,2558,2801,2533
3797,2783,2541,2806,2528
3798,2790,2534,2795,2539
3799,2787,2537,2820,2514
3800,2766,2558,2819,2515
3801,2783,2541,2792,2542
3802,2753,2571,2774,2560
3803,2731,2593,2765,2569
3804,2748,2576,2756,2578
3805,2722,2602,2798,2536
3806,2759,2565,2790,2544
3807,2778,2546,2808,2526
3808,2771,2553,2779,2555
3809,2789,2535,2800,2534
3810,2753,2571,2774,2560
3811,2749,2575,2762,2572
3812,2720,2604,2813,2521
3813,2735,2589,2821,2513
3814,2753,2571,2810,2524
3815,2759,2565,2791,2543
3816,2787,2537,2780,2554
3817,2780,2544,2774,2560
3818,2761,2563,2790,2544
3819,2767,2557,2797,2537
3820,2764,2560,2799,2535
3821,2751,2573,2781,2553
3822,2748,2576,2767,2567
3823,2731,2593,2805,2529
3824,2804,2520,2812,2522
3825,2751,2573,2780,2554
3826,2741,2583,2809,2525
3827,2748,2576,2798,2536
3828,2733,2591,2790,2544
3829,2771,2553,2801,2533
3830,2755,2569,2808,2526
3831,2744,2580,2814,2520
3832,2753,2571,2785,2549
3833,2766,2558,2784,2550
3834,2776,2548,2791,2543
3835,2757,2567,2806,2528
3836,2723,2601,2817,2517
3837,2756,2568,2838,2496
3838,2741,2583,2781,2553
3839,2754,2570,2830,2504
3840,2778,2546,2866,2468
3841,2743,2581,2838,2496
3842,2752,2572,2829,2505
3843,2730,2594,2808,2526
3844,2748,2576,2847,2487
3845,2713,2611,2792,2542
3846,2754,2570,2811,2523
3847,2723,2601,2822,2512
3848,2756,2568,2820,2514
3849,2764,2560,2808,2526
3850,2745,2579,2813,2521
3851,2754,2570,2809,2525
3852,2760,2564,2788,2546
3853,2733,2591,2834,2500
3854,2709,2615,2802,2532
3855,2737,2587,2819,2515
3856,2764,2560,2835,2499
3857,2780,2544,2827,2507
3858,2748,2576,2794,2540
3859,2755,2569,2820,2514
3860,2719,2605,2814,2520
3861,2707,2617,2825,2509
3862,2747,2577,2815,2519
3863,2758,2566,2835,2499
3864,2708,2616,2782,2552
3865,2772,2552,2814,2520
3866,2761,2563,2799,2535
3867,2754,2570,2876,2458
3868,2758,2566,2760,2574
3869,2740,2584,2833,2501
3870,2763,2561,2776,2558
3871,2741,2583,2815,2519
3872,2712,2612,2803,2531
3873,2740,2584,2804,2530
3874,2772,2552,2815,2519
3875,2757,2567,2825,2509
3876,2768,2556,2770,2564
3877,2783,2541,2833,2501
3878,2723,2601,2802,2532
3879,2750,2574,2813,2521
3880,2770,2554,2792,2542
3881,2768,2556,2795,2539
3882,2757,2567,2789,2545
3883,2735,2589,2811,2523
3884,2782,2542,2805,2529
3885,2741,2583,2783,2551
3886,2750,2574,2794,2540
3887,2721,2603,2764,2570
3888,2770,2554,2813,2521
3889,2786,2538,2799,2535
3890,2755,2569,2805,2529
3891,2791,2533,2772,2562
3892,2793,2531,2786,2548
3893,2775,2549,2792,2542
3894,2769,2555,2824,2510
3895,2723,2601,2783,2551
3896,2754,2570,2834,2500
3897,2758,2566,2804,2530
3898,2748,2576,2802,2532
3899,2724,2600,2780,2554
3900,2760,2564,2774,2560
3901,2763,2561,2795,2539
3902,2765,2559,2798,2536
3903,2759,2565,2786,2548
3904,2777,2547,2826,2508
3905,2757,2567,2775,2559
3906,2774,2550,2789,2545
3907,2765,2559,2778,2556
3908,2762,2562,2806,2528
3909,2791,2533,2823,2511
3910,2759,2565,2819,2515
3911,2765,2559,2801,2533
3912,2755,2569,2788,2546
3913,2772,2552,2794,2540
3914,2794,2530,2809,2525
3915,2744,2580,2796,2538
3916,2779,2545,2762,2572
3917,2775,2549,2784,2550
3918,2786,2538,2767,2567
3919,2785,2539,2811,2523
3920,2766,2558,2783,2551
3921,2761,2563,2770,2564
3922,2774,2550,2780,2554
3923,2773,2551,2753,2581
3924,2770,2554,2788,2546
3925,2777,2547,2800,2534
3926,2783,2541,2770,2564
3927,2743,2581,2786,2548
3928,2759,2565,2728,2606
3929,2806,2518,2763,2571
3930,2801,2523,2820,2514
3931,2764,2560,2792,2542
3932,2783,2541,2785,2549
3933,2784,2540,2778,2556
3934,2779,2545,2788,2546
3935,2782,2542,2765,2569
3936,2796,2528,2787,2547
3937,2820,2504,2764,2570
3938,2772,2552,2755,2579
3939,2782,2542,2776,2558
3940,2794,2530,2745,2589
3941,2819,2505,2781,2553
3942,2760,2564,2741,2593
3943,2771,2553,2764,2570
3944,2763,2561,2750,2584
3945,2792,2532,2768,2566
3946,2775,2549,2793,2541
3947,2837,2487,2798,2536
3948,2766,2558,2796,2538
3949,2806,2518,2808,2526
3950,2793,2531,2755,2579
3951,2799,2525,2754,2580
3952,2794,2530,2754,2580
3953,2775,2549,2763,2571
3954,2768,2556,2798,2536
3955,2754,2570,2775,2559
3956,2764,2560,2770,2564
3957,2792,2532,2787,2547
3958,2784,2540,2774,2560
3959,2801,2523,2791,2543
3960,2794,2530,2777,2557
3961,2794,2530,2749,2585
3962,2805,2519,2788,2546
3963,2778,2546,2770,2564
3964,2790,2534,2776,2558
3965,2807,2517,2793,2541
3966,2747,2577,2750,2584
3967,2763,2561,2759,2575
3968,2772,2552,2783,2551
3969,2755,2569,2774,2560
3970,2766,2558,2762,2572
3971,2769,2555,2737,2597
3972,2797,2527,2753,2581
3973,2788,2536,2741,2593
3974,2786,2538,2761,2573
3975,2803,2521,2731,2603
3976,2755,2569,2783,2551
3977,2789,2535,2736,2598
3978,2764,2560,2751,2583
3979,2777,2547,2776,2558
3980,2784,2540,2768,2566
3981,2795,2529,2773,2561
3982,2801,2523,2751,2583
3983,2785,2539,2784,2550
3984,2790,2534,2777,2557
3985,2767,2557,2788,2546
3986,2765,2559,2733,2601
3987,2756,2568,2753,2581
3988,2782,2542,2755,2579
3989,2788,2536,2755,2579
3990,2829,2495,2785,2549
3991,2800,2524,2794,2540
3992,2739,2585,2759,2575
3993,2779,2545,2788,2546
3994,2751,2573,2793,2541
3995,2746,2578,2789,2545
3996,2761,2563,2760,2574
3997,2798,2526,2790,2544
3998,2775,2549,2825,2509
3999,2749,2575,2798,2536
4000,2748,2576,2765,2569
4001,2735,2589,2770,2564
