,POPC Outer,POPC Inner,POPE Outer,POPE Inner
1,4076,3927,4162,3864
2,4093,3910,4075,3951
3,4139,3864,4121,3905
4,4069,3934,4137,3889
5,4123,3880,4161,3865
6,4115,3888,4138,3888
7,4127,3876,4155,3871
8,4062,3941,4131,3895
9,4115,3888,4162,3864
10,4138,3865,4139,3887
11,4139,3864,4152,3874
12,4117,3886,4134,3892
13,4126,3877,4155,3871
14,4129,3874,4121,3905
15,4082,3921,4114,3912
16,4164,3839,4129,3897
17,4155,3848,4163,3863
18,4144,3859,4170,3856
19,4114,3889,4107,3919
20,4100,3903,4172,3854
21,4103,3900,4124,3902
22,4073,3930,4124,3902
23,4125,3878,4168,3858
24,4109,3894,4140,3886
25,4109,3894,4132,3894
26,4111,3892,4124,3902
27,4123,3880,4171,3855
28,4132,3871,4134,3892
29,4090,3913,4162,3864
30,4147,3856,4110,3916
31,4142,3861,4157,3869
32,4145,3858,4093,3933
33,4135,3868,4106,3920
34,4147,3856,4105,3921
35,4145,3858,4137,3889
36,4142,3861,4155,3871
37,4081,3922,4179,3847
38,4068,3935,4117,3909
39,4094,3909,4130,3896
40,4130,3873,4128,3898
41,4111,3892,4146,3880
42,4118,3885,4129,3897
43,4137,3866,4123,3903
44,4093,3910,4108,3918
45,4104,3899,4152,3874
46,4071,3932,4163,3863
47,4126,3877,4157,3869
48,4161,3842,4116,3910
49,4112,3891,4186,3840
50,4146,3857,4139,3887
51,4127,3876,4155,3871
52,4114,3889,4142,3884
53,4100,3903,4100,3926
54,4129,3874,4159,3867
55,4142,3861,4096,3930
56,4135,3868,4159,3867
57,4111,3892,4129,3897
58,4085,3918,4137,3889
59,4120,3883,4156,3870
60,4115,3888,4141,3885
61,4105,3898,4111,3915
62,4093,3910,4107,3919
63,4144,3859,4150,3876
64,4138,3865,4106,3920
65,4142,3861,4173,3853
66,4102,3901,4145,3881
67,4138,3865,4159,3867
68,4133,3870,4126,3900
69,4183,3820,4151,3875
70,4131,3872,4114,3912
71,4110,3893,4174,3852
72,4125,3878,4144,3882
73,4104,3899,4127,3899
74,4107,3896,4153,3873
75,4151,3852,4163,3863
76,4121,3882,4151,3875
77,4175,3828,4173,3853
78,4178,3825,4146,3880
79,4079,3924,4120,3906
80,4117,3886,4116,3910
81,4131,3872,4130,3896
82,4132,3871,4146,3880
83,4122,3881,4127,3899
84,4098,3905,4151,3875
85,4152,3851,4148,3878
86,4130,3873,4115,3911
87,4153,3850,4111,3915
88,4162,3841,4115,3911
89,4087,3916,4114,3912
90,4142,3861,4148,3878
91,4098,3905,4112,3914
92,4138,3865,4120,3906
93,4127,3876,4133,3893
94,4136,3867,4161,3865
95,4135,3868,4149,3877
96,4130,3873,4130,3896
97,4092,3911,4144,3882
98,4142,3861,4138,3888
99,4154,3849,4155,3871
100,4128,3875,4098,3928
101,4171,3832,4095,3931
102,4133,3870,4133,3893
103,4113,3890,4153,3873
104,4147,3856,4119,3907
105,4107,3896,4151,3875
106,4150,3853,4138,3888
107,4130,3873,4153,3873
108,4132,3871,4116,3910
109,4103,3900,4121,3905
110,4084,3919,4165,3861
111,4115,3888,4123,3903
112,4128,3875,4160,3866
113,4128,3875,4120,3906
114,4131,3872,4151,3875
115,4091,3912,4101,3925
116,4121,3882,4091,3935
117,4100,3903,4116,3910
118,4115,3888,4153,3873
119,4088,3915,4092,3934
120,4076,3927,4139,3887
121,4157,3846,4134,3892
122,4129,3874,4124,3902
123,4130,3873,4126,3900
124,4162,3841,4164,3862
125,4132,3871,4145,3881
126,4077,3926,4097,3929
127,4139,3864,4135,3891
128,4086,3917,4156,3870
129,4122,3881,4118,3908
130,4140,3863,4201,3825
131,4094,3909,4138,3888
132,4144,3859,4096,3930
133,4139,3864,4190,3836
134,4102,3901,4132,3894
135,4120,3883,4154,3872
136,4084,3919,4115,3911
137,4123,3880,4122,3904
138,4116,3887,4134,3892
139,4114,3889,4130,3896
140,4098,3905,4135,3891
141,4090,3913,4118,3908
142,4091,3912,4107,3919
143,4091,3912,4129,3897
144,4052,3951,4126,3900
145,4063,3940,4137,3889
146,4067,3936,4122,3904
147,4124,3879,4146,3880
148,4081,3922,4108,3918
149,4096,3907,4107,3919
150,4096,3907,4095,3931
151,4092,3911,4140,3886
152,4162,3841,4146,3880
153,4146,3857,4152,3874
154,4102,3901,4098,3928
155,4146,3857,4145,3881
156,4164,3839,4145,3881
157,4089,3914,4129,3897
158,4104,3899,4120,3906
159,4144,3859,4140,3886
160,4134,3869,4133,3893
161,4154,3849,4098,3928
162,4117,3886,4142,3884
163,4107,3896,4163,3863
164,4125,3878,4157,3869
165,4123,3880,4140,3886
166,4072,3931,4122,3904
167,4170,3833,4174,3852
168,4083,3920,4153,3873
169,4132,3871,4157,3869
170,4140,3863,4118,3908
171,4138,3865,4141,3885
172,4111,3892,4136,3890
173,4097,3906,4130,3896
174,4135,3868,4173,3853
175,4101,3902,4179,3847
176,4118,3885,4162,3864
177,4090,3913,4133,3893
178,4100,3903,4136,3890
179,4105,3898,4165,3861
180,4108,3895,4104,3922
181,4141,3862,4147,3879
182,4123,3880,4164,3862
183,4108,3895,4139,3887
184,4131,3872,4136,3890
185,4102,3901,4107,3919
186,4126,3877,4139,3887
187,4154,3849,4153,3873
188,4066,3937,4172,3854
189,4089,3914,4173,3853
190,4119,3884,4164,3862
191,4082,3921,4152,3874
192,4121,3882,4142,3884
193,4096,3907,4194,3832
194,4137,3866,4132,3894
195,4127,3876,4162,3864
196,4142,3861,4138,3888
197,4102,3901,4152,3874
198,4099,3904,4175,3851
199,4124,3879,4114,3912
200,4074,3929,4151,3875
201,4096,3907,4162,3864
202,4141,3862,4149,3877
203,4122,3881,4154,3872
204,4135,3868,4115,3911
205,4110,3893,4136,3890
206,4091,3912,4184,3842
207,4140,3863,4127,3899
208,4092,3911,4147,3879
209,4104,3899,4120,3906
210,4111,3892,4145,3881
211,4073,3930,4168,3858
212,4114,3889,4131,3895
213,4135,3868,4143,3883
214,4132,3871,4127,3899
215,4110,3893,4117,3909
216,4108,3895,4123,3903
217,4105,3898,4143,3883
218,4051,3952,4139,3887
219,4099,3904,4117,3909
220,4106,3897,4164,3862
221,4094,3909,4165,3861
222,4040,3963,4143,3883
223,4113,3890,4132,3894
224,4120,3883,4156,3870
225,4066,3937,4158,3868
226,4094,3909,4145,3881
227,4148,3855,4131,3895
228,4117,3886,4126,3900
229,4142,3861,4131,3895
230,4121,3882,4154,3872
231,4099,3904,4161,3865
232,4122,3881,4159,3867
233,4123,3880,4110,3916
234,4116,3887,4174,3852
235,4123,3880,4166,3860
236,4091,3912,4159,3867
237,4108,3895,4170,3856
238,4116,3887,4172,3854
239,4110,3893,4165,3861
240,4098,3905,4180,3846
241,4105,3898,4166,3860
242,4132,3871,4144,3882
243,4115,3888,4152,3874
244,4089,3914,4177,3849
245,4106,3897,4152,3874
246,4093,3910,4143,3883
247,4106,3897,4163,3863
248,4141,3862,4145,3881
249,4051,3952,4138,3888
250,4061,3942,4178,3848
251,4097,3906,4154,3872
252,4134,3869,4166,3860
253,4083,3920,4117,3909
254,4105,3898,4155,3871
255,4089,3914,4137,3889
256,4073,3930,4150,3876
257,4164,3839,4157,3869
258,4159,3844,4121,3905
259,4094,3909,4131,3895
260,4085,3918,4152,3874
261,4121,3882,4149,3877
262,4098,3905,4139,3887
263,4067,3936,4085,3941
264,4101,3902,4147,3879
265,4149,3854,4169,3857
266,4080,3923,4166,3860
267,4155,3848,4144,3882
268,4108,3895,4164,3862
269,4127,3876,4145,3881
270,4136,3867,4137,3889
271,4102,3901,4116,3910
272,4134,3869,4139,3887
273,4153,3850,4141,3885
274,4134,3869,4162,3864
275,4103,3900,4098,3928
276,4136,3867,4155,3871
277,4071,3932,4115,3911
278,4094,3909,4100,3926
279,4134,3869,4102,3924
280,4128,3875,4169,3857
281,4110,3893,4143,3883
282,4113,3890,4107,3919
283,4091,3912,4167,3859
284,4120,3883,4127,3899
285,4100,3903,4121,3905
286,4124,3879,4140,3886
287,4093,3910,4157,3869
288,4117,3886,4144,3882
289,4137,3866,4150,3876
290,4125,3878,4182,3844
291,4127,3876,4169,3857
292,4104,3899,4165,3861
293,4165,3838,4123,3903
294,4154,3849,4160,3866
295,4126,3877,4122,3904
296,4130,3873,4165,3861
297,4111,3892,4138,3888
298,4086,3917,4128,3898
299,4088,3915,4144,3882
300,4154,3849,4129,3897
301,4115,3888,4139,3887
302,4125,3878,4125,3901
303,4083,3920,4130,3896
304,4072,3931,4104,3922
305,4101,3902,4125,3901
306,4088,3915,4100,3926
307,4129,3874,4133,3893
308,4164,3839,4141,3885
309,4127,3876,4121,3905
310,4167,3836,4139,3887
311,4127,3876,4140,3886
312,4107,3896,4135,3891
313,4081,3922,4097,3929
314,4092,3911,4138,3888
315,4109,3894,4097,3929
316,4094,3909,4114,3912
317,4108,3895,4122,3904
318,4121,3882,4153,3873
319,4072,3931,4118,3908
320,4095,3908,4143,3883
321,4135,3868,4164,3862
322,4056,3947,4171,3855
323,4127,3876,4187,3839
324,4097,3906,4210,3816
325,4151,3852,4180,3846
326,4088,3915,4112,3914
327,4111,3892,4124,3902
328,4120,3883,4151,3875
329,4142,3861,4188,3838
330,4101,3902,4131,3895
331,4112,3891,4160,3866
332,4094,3909,4210,3816
333,4086,3917,4186,3840
334,4132,3871,4155,3871
335,4084,3919,4141,3885
336,4094,3909,4171,3855
337,4054,3949,4132,3894
338,4112,3891,4145,3881
339,4099,3904,4172,3854
340,4070,3933,4175,3851
341,4160,3843,4153,3873
342,4087,3916,4158,3868
343,4084,3919,4162,3864
344,4126,3877,4165,3861
345,4057,3946,4169,3857
346,4069,3934,4147,3879
347,4066,3937,4140,3886
348,4100,3903,4165,3861
349,4069,3934,4212,3814
350,4107,3896,4157,3869
351,4059,3944,4188,3838
352,4102,3901,4140,3886
353,4113,3890,4180,3846
354,4117,3886,4176,3850
355,4111,3892,4167,3859
356,4028,3975,4158,3868
357,4109,3894,4150,3876
358,4126,3877,4111,3915
359,4127,3876,4197,3829
360,4087,3916,4181,3845
361,4061,3942,4175,3851
362,4046,3957,4176,3850
363,4102,3901,4136,3890
364,4112,3891,4143,3883
365,4091,3912,4142,3884
366,4097,3906,4153,3873
367,4110,3893,4128,3898
368,4117,3886,4156,3870
369,4136,3867,4125,3901
370,4123,3880,4155,3871
371,4166,3837,4158,3868
372,4114,3889,4173,3853
373,4101,3902,4177,3849
374,4114,3889,4168,3858
375,4129,3874,4185,3841
376,4058,3945,4185,3841
377,4143,3860,4115,3911
378,4069,3934,4152,3874
379,4106,3897,4124,3902
380,4104,3899,4146,3880
381,4098,3905,4166,3860
382,4094,3909,4183,3843
383,4076,3927,4177,3849
384,4093,3910,4155,3871
385,4084,3919,4176,3850
386,4117,3886,4140,3886
387,4079,3924,4182,3844
388,4073,3930,4161,3865
389,4149,3854,4171,3855
390,4114,3889,4155,3871
391,4070,3933,4167,3859
392,4133,3870,4165,3861
393,4102,3901,4190,3836
394,4115,3888,4157,3869
395,4091,3912,4162,3864
396,4078,3925,4122,3904
397,4115,3888,4153,3873
398,4077,3926,4195,3831
399,4074,3929,4163,3863
400,4139,3864,4155,3871
401,4100,3903,4184,3842
402,4123,3880,4155,3871
403,4083,3920,4172,3854
404,4141,3862,4149,3877
405,4096,3907,4138,3888
406,4133,3870,4188,3838
407,4069,3934,4130,3896
408,4119,3884,4181,3845
409,4080,3923,4130,3896
410,4086,3917,4204,3822
411,4116,3887,4162,3864
412,4083,3920,4139,3887
413,4058,3945,4165,3861
414,4073,3930,4138,3888
415,4070,3933,4181,3845
416,4097,3906,4122,3904
417,4124,3879,4184,3842
418,4096,3907,4168,3858
419,4095,3908,4164,3862
420,4042,3961,4146,3880
421,4063,3940,4175,3851
422,4065,3938,4157,3869
423,4051,3952,4176,3850
424,4119,3884,4165,3861
425,4132,3871,4181,3845
426,4078,3925,4141,3885
427,4092,3911,4160,3866
428,4072,3931,4154,3872
429,4072,3931,4195,3831
430,4072,3931,4185,3841
431,4044,3959,4135,3891
432,4087,3916,4117,3909
433,4080,3923,4188,3838
434,4061,3942,4157,3869
435,4097,3906,4220,3806
436,4114,3889,4189,3837
437,4088,3915,4147,3879
438,4153,3850,4193,3833
439,4094,3909,4179,3847
440,4064,3939,4203,3823
441,4056,3947,4157,3869
442,4071,3932,4131,3895
443,4095,3908,4182,3844
444,4113,3890,4172,3854
445,4155,3848,4215,3811
446,4077,3926,4192,3834
447,4078,3925,4165,3861
448,4094,3909,4198,3828
449,4120,3883,4199,3827
450,4128,3875,4175,3851
451,4106,3897,4143,3883
452,4135,3868,4168,3858
453,4148,3855,4192,3834
454,4080,3923,4203,3823
455,4127,3876,4172,3854
456,4078,3925,4143,3883
457,4050,3953,4188,3838
458,4099,3904,4140,3886
459,4089,3914,4159,3867
460,4095,3908,4198,3828
461,4113,3890,4186,3840
462,4071,3932,4124,3902
463,4174,3829,4196,3830
464,4098,3905,4153,3873
465,4115,3888,4172,3854
466,4107,3896,4127,3899
467,4095,3908,4179,3847
468,4124,3879,4149,3877
469,4102,3901,4187,3839
470,4101,3902,4156,3870
471,4072,3931,4116,3910
472,4096,3907,4144,3882
473,4130,3873,4163,3863
474,4085,3918,4155,3871
475,4106,3897,4120,3906
476,4095,3908,4158,3868
477,4077,3926,4123,3903
478,4133,3870,4141,3885
479,4092,3911,4157,3869
480,4108,3895,4149,3877
481,4075,3928,4141,3885
482,4091,3912,4170,3856
483,4050,3953,4127,3899
484,4072,3931,4138,3888
485,4076,3927,4131,3895
486,4045,3958,4140,3886
487,4034,3969,4109,3917
488,4078,3925,4126,3900
489,4098,3905,4163,3863
490,4135,3868,4154,3872
491,4071,3932,4153,3873
492,4087,3916,4141,3885
493,4051,3952,4159,3867
494,4106,3897,4160,3866
495,4120,3883,4145,3881
496,4087,3916,4138,3888
497,4107,3896,4146,3880
498,4103,3900,4146,3880
499,4119,3884,4134,3892
500,4108,3895,4178,3848
501,4171,3832,4128,3898
502,4150,3853,4159,3867
503,4090,3913,4147,3879
504,4084,3919,4094,3932
505,4083,3920,4110,3916
506,4090,3913,4131,3895
507,4076,3927,4138,3888
508,4139,3864,4151,3875
509,4133,3870,4127,3899
510,4111,3892,4136,3890
511,4115,3888,4208,3818
512,4079,3924,4174,3852
513,4124,3879,4165,3861
514,4096,3907,4162,3864
515,4119,3884,4209,3817
516,4096,3907,4157,3869
517,4114,3889,4147,3879
518,4083,3920,4154,3872
519,4147,3856,4161,3865
520,4091,3912,4129,3897
521,4131,3872,4131,3895
522,4099,3904,4156,3870
523,4075,3928,4152,3874
524,4100,3903,4138,3888
525,4087,3916,4216,3810
526,4106,3897,4158,3868
527,4075,3928,4189,3837
528,4065,3938,4185,3841
529,4102,3901,4115,3911
530,4116,3887,4143,3883
531,4094,3909,4132,3894
532,4104,3899,4177,3849
533,4055,3948,4138,3888
534,4090,3913,4205,3821
535,4068,3935,4151,3875
536,4105,3898,4202,3824
537,4081,3922,4179,3847
538,4062,3941,4181,3845
539,4064,3939,4129,3897
540,4135,3868,4162,3864
541,4062,3941,4187,3839
542,4076,3927,4144,3882
543,4063,3940,4158,3868
544,4088,3915,4173,3853
545,4084,3919,4194,3832
546,4114,3889,4132,3894
547,4102,3901,4156,3870
548,4093,3910,4186,3840
549,4069,3934,4106,3920
550,4095,3908,4161,3865
551,4092,3911,4160,3866
552,4098,3905,4182,3844
553,4125,3878,4145,3881
554,4076,3927,4154,3872
555,4081,3922,4138,3888
556,4119,3884,4159,3867
557,4146,3857,4179,3847
558,4074,3929,4155,3871
559,4064,3939,4181,3845
560,4102,3901,4140,3886
561,4082,3921,4132,3894
562,4108,3895,4130,3896
563,4075,3928,4186,3840
564,4048,3955,4153,3873
565,4130,3873,4179,3847
566,4069,3934,4145,3881
567,4133,3870,4161,3865
568,4091,3912,4201,3825
569,4059,3944,4174,3852
570,4095,3908,4138,3888
571,4079,3924,4129,3897
572,4094,3909,4177,3849
573,4141,3862,4160,3866
574,4134,3869,4197,3829
575,4080,3923,4204,3822
576,4091,3912,4147,3879
577,4060,3943,4115,3911
578,4070,3933,4143,3883
579,4058,3945,4192,3834
580,4079,3924,4169,3857
581,4118,3885,4153,3873
582,4113,3890,4123,3903
583,4069,3934,4148,3878
584,4065,3938,4161,3865
585,4101,3902,4165,3861
586,4082,3921,4186,3840
587,4074,3929,4151,3875
588,4096,3907,4158,3868
589,4137,3866,4208,3818
590,4095,3908,4180,3846
591,4109,3894,4127,3899
592,4106,3897,4134,3892
593,4081,3922,4188,3838
594,4084,3919,4169,3857
595,4097,3906,4160,3866
596,4093,3910,4161,3865
597,4119,3884,4137,3889
598,4053,3950,4160,3866
599,4104,3899,4181,3845
600,4110,3893,4182,3844
601,4056,3947,4132,3894
602,4096,3907,4148,3878
603,4061,3942,4158,3868
604,4083,3920,4137,3889
605,4069,3934,4187,3839
606,4082,3921,4111,3915
607,4098,3905,4127,3899
608,4095,3908,4168,3858
609,4085,3918,4134,3892
610,4109,3894,4140,3886
611,4109,3894,4171,3855
612,4092,3911,4159,3867
613,4088,3915,4109,3917
614,4066,3937,4117,3909
615,4110,3893,4171,3855
616,4123,3880,4186,3840
617,4085,3918,4171,3855
618,4070,3933,4153,3873
619,4112,3891,4133,3893
620,4104,3899,4106,3920
621,4094,3909,4158,3868
622,4107,3896,4165,3861
623,4086,3917,4118,3908
624,4094,3909,4142,3884
625,4071,3932,4122,3904
626,4126,3877,4151,3875
627,4100,3903,4139,3887
628,4114,3889,4154,3872
629,4081,3922,4147,3879
630,4082,3921,4128,3898
631,4085,3918,4095,3931
632,4151,3852,4162,3864
633,4144,3859,4097,3929
634,4102,3901,4144,3882
635,4095,3908,4171,3855
636,4104,3899,4171,3855
637,4127,3876,4124,3902
638,4076,3927,4142,3884
639,4131,3872,4126,3900
640,4121,3882,4136,3890
641,4124,3879,4154,3872
642,4097,3906,4175,3851
643,4081,3922,4132,3894
644,4072,3931,4140,3886
645,4110,3893,4125,3901
646,4129,3874,4101,3925
647,4127,3876,4169,3857
648,4130,3873,4157,3869
649,4114,3889,4158,3868
650,4098,3905,4124,3902
651,4076,3927,4196,3830
652,4052,3951,4103,3923
653,4098,3905,4119,3907
654,4077,3926,4128,3898
655,4094,3909,4147,3879
656,4096,3907,4135,3891
657,4106,3897,4141,3885
658,4091,3912,4117,3909
659,4116,3887,4167,3859
660,4079,3924,4132,3894
661,4111,3892,4116,3910
662,4094,3909,4132,3894
663,4095,3908,4151,3875
664,4056,3947,4091,3935
665,4090,3913,4145,3881
666,4116,3887,4108,3918
667,4083,3920,4121,3905
668,4124,3879,4139,3887
669,4097,3906,4157,3869
670,4070,3933,4119,3907
671,4119,3884,4126,3900
672,4092,3911,4139,3887
673,4112,3891,4111,3915
674,4091,3912,4117,3909
675,4114,3889,4113,3913
676,4111,3892,4099,3927
677,4092,3911,4099,3927
678,4089,3914,4097,3929
679,4139,3864,4113,3913
680,4111,3892,4139,3887
681,4095,3908,4156,3870
682,4122,3881,4155,3871
683,4117,3886,4118,3908
684,4069,3934,4117,3909
685,4106,3897,4129,3897
686,4094,3909,4138,3888
687,4111,3892,4138,3888
688,4093,3910,4116,3910
689,4133,3870,4156,3870
690,4077,3926,4141,3885
691,4099,3904,4130,3896
692,4065,3938,4122,3904
693,4118,3885,4149,3877
694,4092,3911,4126,3900
695,4111,3892,4111,3915
696,4067,3936,4149,3877
697,4102,3901,4172,3854
698,4114,3889,4167,3859
699,4122,3881,4121,3905
700,4102,3901,4130,3896
701,4122,3881,4176,3850
702,4121,3882,4099,3927
703,4116,3887,4171,3855
704,4132,3871,4127,3899
705,4064,3939,4155,3871
706,4099,3904,4109,3917
707,4106,3897,4102,3924
708,4080,3923,4150,3876
709,4097,3906,4104,3922
710,4105,3898,4116,3910
711,4102,3901,4133,3893
712,4085,3918,4141,3885
713,4106,3897,4108,3918
714,4133,3870,4141,3885
715,4110,3893,4143,3883
716,4095,3908,4147,3879
717,4140,3863,4152,3874
718,4135,3868,4123,3903
719,4110,3893,4164,3862
720,4109,3894,4120,3906
721,4123,3880,4130,3896
722,4103,3900,4156,3870
723,4107,3896,4152,3874
724,4116,3887,4142,3884
725,4087,3916,4085,3941
726,4151,3852,4157,3869
727,4100,3903,4132,3894
728,4087,3916,4164,3862
729,4140,3863,4123,3903
730,4175,3828,4144,3882
731,4140,3863,4136,3890
732,4119,3884,4155,3871
733,4040,3963,4146,3880
734,4106,3897,4134,3892
735,4103,3900,4158,3868
736,4128,3875,4154,3872
737,4077,3926,4142,3884
738,4117,3886,4167,3859
739,4126,3877,4160,3866
740,4099,3904,4151,3875
741,4141,3862,4207,3819
742,4094,3909,4127,3899
743,4117,3886,4155,3871
744,4092,3911,4162,3864
745,4106,3897,4130,3896
746,4099,3904,4091,3935
747,4122,3881,4159,3867
748,4114,3889,4142,3884
749,4107,3896,4171,3855
750,4097,3906,4126,3900
751,4115,3888,4182,3844
752,4126,3877,4164,3862
753,4104,3899,4211,3815
754,4103,3900,4174,3852
755,4060,3943,4187,3839
756,4120,3883,4161,3865
757,4155,3848,4181,3845
758,4103,3900,4160,3866
759,4059,3944,4145,3881
760,4088,3915,4129,3897
761,4045,3958,4118,3908
762,4083,3920,4136,3890
763,4122,3881,4149,3877
764,4102,3901,4173,3853
765,4106,3897,4128,3898
766,4080,3923,4148,3878
767,4103,3900,4145,3881
768,4122,3881,4181,3845
769,4063,3940,4165,3861
770,4112,3891,4173,3853
771,4103,3900,4124,3902
772,4142,3861,4117,3909
773,4084,3919,4154,3872
774,4092,3911,4127,3899
775,4103,3900,4139,3887
776,4107,3896,4162,3864
777,4075,3928,4150,3876
778,4104,3899,4136,3890
779,4083,3920,4154,3872
780,4067,3936,4162,3864
781,4068,3935,4131,3895
782,4053,3950,4146,3880
783,4127,3876,4163,3863
784,4102,3901,4155,3871
785,4117,3886,4160,3866
786,4063,3940,4121,3905
787,4119,3884,4142,3884
788,4082,3921,4172,3854
789,4124,3879,4117,3909
790,4080,3923,4103,3923
791,4112,3891,4161,3865
792,4105,3898,4128,3898
793,4145,3858,4141,3885
794,4085,3918,4126,3900
795,4107,3896,4156,3870
796,4092,3911,4135,3891
797,4105,3898,4187,3839
798,4109,3894,4135,3891
799,4144,3859,4126,3900
800,4102,3901,4137,3889
801,4116,3887,4172,3854
802,4087,3916,4133,3893
803,4104,3899,4126,3900
804,4062,3941,4138,3888
805,3991,4012,4139,3887
806,4109,3894,4125,3901
807,4084,3919,4107,3919
808,4055,3948,4109,3917
809,4017,3986,4124,3902
810,4058,3945,4103,3923
811,4110,3893,4145,3881
812,4117,3886,4091,3935
813,4101,3902,4129,3897
814,4098,3905,4125,3901
815,4046,3957,4143,3883
816,4081,3922,4164,3862
817,4069,3934,4103,3923
818,4109,3894,4154,3872
819,4097,3906,4125,3901
820,4100,3903,4118,3908
821,4043,3960,4048,3978
822,4119,3884,4105,3921
823,4095,3908,4141,3885
824,4057,3946,4140,3886
825,4118,3885,4152,3874
826,4096,3907,4161,3865
827,4063,3940,4139,3887
828,4089,3914,4119,3907
829,4102,3901,4094,3932
830,4073,3930,4095,3931
831,4072,3931,4117,3909
832,4096,3907,4112,3914
833,4086,3917,4119,3907
834,4127,3876,4158,3868
835,4079,3924,4144,3882
836,4083,3920,4130,3896
837,4105,3898,4110,3916
838,4101,3902,4141,3885
839,4108,3895,4116,3910
840,4096,3907,4109,3917
841,4081,3922,4143,3883
842,4120,3883,4136,3890
843,4139,3864,4147,3879
844,4107,3896,4129,3897
845,4119,3884,4147,3879
846,4111,3892,4097,3929
847,4146,3857,4151,3875
848,4156,3847,4137,3889
849,4089,3914,4116,3910
850,4125,3878,4160,3866
851,4126,3877,4126,3900
852,4140,3863,4105,3921
853,4125,3878,4108,3918
854,4114,3889,4140,3886
855,4101,3902,4097,3929
856,4118,3885,4135,3891
857,4095,3908,4109,3917
858,4124,3879,4130,3896
859,4083,3920,4134,3892
860,4128,3875,4121,3905
861,4131,3872,4160,3866
862,4101,3902,4135,3891
863,4117,3886,4101,3925
864,4096,3907,4134,3892
865,4146,3857,4150,3876
866,4136,3867,4130,3896
867,4123,3880,4133,3893
868,4105,3898,4150,3876
869,4126,3877,4116,3910
870,4111,3892,4124,3902
871,4115,3888,4134,3892
872,4107,3896,4133,3893
873,4134,3869,4151,3875
874,4116,3887,4129,3897
875,4155,3848,4131,3895
876,4124,3879,4114,3912
877,4097,3906,4111,3915
878,4143,3860,4141,3885
879,4085,3918,4114,3912
880,4083,3920,4103,3923
881,4116,3887,4170,3856
882,4138,3865,4120,3906
883,4131,3872,4092,3934
884,4099,3904,4166,3860
885,4140,3863,4154,3872
886,4162,3841,4157,3869
887,4144,3859,4151,3875
888,4110,3893,4120,3906
889,4119,3884,4133,3893
890,4164,3839,4144,3882
891,4136,3867,4143,3883
892,4142,3861,4122,3904
893,4159,3844,4099,3927
894,4169,3834,4119,3907
895,4148,3855,4095,3931
896,4124,3879,4151,3875
897,4151,3852,4089,3937
898,4184,3819,4132,3894
899,4125,3878,4168,3858
900,4151,3852,4129,3897
901,4165,3838,4119,3907
902,4142,3861,4154,3872
903,4107,3896,4104,3922
904,4157,3846,4121,3905
905,4123,3880,4106,3920
906,4094,3909,4126,3900
907,4107,3896,4122,3904
908,4127,3876,4073,3953
909,4082,3921,4059,3967
910,4118,3885,4141,3885
911,4155,3848,4098,3928
912,4169,3834,4119,3907
913,4153,3850,4079,3947
914,4130,3873,4077,3949
915,4122,3881,4104,3922
916,4147,3856,4148,3878
917,4153,3850,4123,3903
918,4141,3862,4112,3914
919,4125,3878,4123,3903
920,4180,3823,4091,3935
921,4108,3895,4137,3889
922,4154,3849,4107,3919
923,4124,3879,4129,3897
924,4109,3894,4107,3919
925,4133,3870,4115,3911
926,4142,3861,4158,3868
927,4133,3870,4114,3912
928,4090,3913,4134,3892
929,4118,3885,4082,3944
930,4106,3897,4112,3914
931,4142,3861,4131,3895
932,4145,3858,4100,3926
933,4101,3902,4095,3931
934,4132,3871,4099,3927
935,4132,3871,4109,3917
936,4164,3839,4130,3896
937,4130,3873,4119,3907
938,4111,3892,4107,3919
939,4143,3860,4109,3917
940,4164,3839,4105,3921
941,4099,3904,4062,3964
942,4107,3896,4109,3917
943,4136,3867,4139,3887
944,4114,3889,4106,3920
945,4141,3862,4120,3906
946,4140,3863,4151,3875
947,4178,3825,4159,3867
948,4121,3882,4123,3903
949,4156,3847,4141,3885
950,4155,3848,4102,3924
951,4153,3850,4151,3875
952,4093,3910,4125,3901
953,4163,3840,4147,3879
954,4098,3905,4104,3922
955,4152,3851,4140,3886
956,4134,3869,4136,3890
957,4139,3864,4107,3919
958,4115,3888,4164,3862
959,4121,3882,4131,3895
960,4116,3887,4153,3873
961,4123,3880,4134,3892
962,4105,3898,4094,3932
963,4198,3805,4149,3877
964,4131,3872,4100,3926
965,4160,3843,4129,3897
966,4133,3870,4106,3920
967,4088,3915,4141,3885
968,4128,3875,4147,3879
969,4100,3903,4170,3856
970,4072,3931,4114,3912
971,4155,3848,4156,3870
972,4110,3893,4165,3861
973,4103,3900,4166,3860
974,4084,3919,4161,3865
975,4108,3895,4163,3863
976,4109,3894,4117,3909
977,4103,3900,4169,3857
978,4114,3889,4138,3888
979,4148,3855,4144,3882
980,4111,3892,4140,3886
981,4085,3918,4107,3919
982,4202,3801,4125,3901
983,4146,3857,4098,3928
984,4172,3831,4128,3898
985,4109,3894,4186,3840
986,4101,3902,4115,3911
987,4122,3881,4118,3908
988,4116,3887,4140,3886
989,4187,3816,4129,3897
990,4124,3879,4124,3902
991,4086,3917,4151,3875
992,4129,3874,4109,3917
993,4113,3890,4162,3864
994,4134,3869,4141,3885
995,4107,3896,4089,3937
996,4147,3856,4121,3905
997,4147,3856,4125,3901
998,4111,3892,4131,3895
999,4116,3887,4134,3892
1000,4146,3857,4132,3894
1001,4093,3910,4133,3893
1002,4146,3857,4115,3911
1003,4096,3907,4181,3845
1004,4165,3838,4147,3879
1005,4120,3883,4118,3908
1006,4155,3848,4118,3908
1007,4107,3896,4123,3903
1008,4148,3855,4144,3882
1009,4110,3893,4119,3907
1010,4097,3906,4133,3893
1011,4146,3857,4112,3914
1012,4119,3884,4107,3919
1013,4130,3873,4093,3933
1014,4113,3890,4154,3872
1015,4192,3811,4187,3839
1016,4181,3822,4161,3865
1017,4143,3860,4122,3904
1018,4117,3886,4172,3854
1019,4148,3855,4108,3918
1020,4134,3869,4096,3930
1021,4149,3854,4116,3910
1022,4131,3872,4182,3844
1023,4158,3845,4117,3909
1024,4137,3866,4144,3882
1025,4145,3858,4124,3902
1026,4181,3822,4113,3913
1027,4138,3865,4083,3943
1028,4173,3830,4109,3917
1029,4096,3907,4083,3943
1030,4136,3867,4093,3933
1031,4146,3857,4118,3908
1032,4157,3846,4115,3911
1033,4140,3863,4133,3893
1034,4152,3851,4118,3908
1035,4119,3884,4090,3936
1036,4174,3829,4082,3944
1037,4195,3808,4109,3917
1038,4137,3866,4098,3928
1039,4161,3842,4150,3876
1040,4118,3885,4129,3897
1041,4126,3877,4124,3902
1042,4139,3864,4096,3930
1043,4149,3854,4140,3886
1044,4140,3863,4091,3935
1045,4097,3906,4107,3919
1046,4159,3844,4121,3905
1047,4135,3868,4165,3861
1048,4117,3886,4118,3908
1049,4119,3884,4075,3951
1050,4161,3842,4102,3924
1051,4141,3862,4071,3955
1052,4140,3863,4106,3920
1053,4131,3872,4104,3922
1054,4135,3868,4121,3905
1055,4158,3845,4141,3885
1056,4168,3835,4130,3896
1057,4155,3848,4143,3883
1058,4170,3833,4085,3941
1059,4195,3808,4153,3873
1060,4145,3858,4116,3910
1061,4161,3842,4152,3874
1062,4145,3858,4057,3969
1063,4121,3882,4090,3936
1064,4181,3822,4079,3947
1065,4128,3875,4114,3912
1066,4151,3852,4101,3925
1067,4163,3840,4121,3905
1068,4157,3846,4137,3889
1069,4122,3881,4071,3955
1070,4162,3841,4137,3889
1071,4134,3869,4109,3917
1072,4130,3873,4084,3942
1073,4139,3864,4116,3910
1074,4162,3841,4094,3932
1075,4119,3884,4116,3910
1076,4146,3857,4121,3905
1077,4114,3889,4122,3904
1078,4144,3859,4115,3911
1079,4167,3836,4137,3889
1080,4110,3893,4117,3909
1081,4163,3840,4133,3893
1082,4134,3869,4098,3928
1083,4172,3831,4123,3903
1084,4088,3915,4121,3905
1085,4209,3794,4098,3928
1086,4126,3877,4127,3899
1087,4084,3919,4123,3903
1088,4152,3851,4166,3860
1089,4126,3877,4150,3876
1090,4174,3829,4147,3879
1091,4128,3875,4104,3922
1092,4125,3878,4113,3913
1093,4151,3852,4150,3876
1094,4153,3850,4114,3912
1095,4106,3897,4103,3923
1096,4116,3887,4125,3901
1097,4191,3812,4132,3894
1098,4124,3879,4149,3877
1099,4130,3873,4134,3892
1100,4081,3922,4141,3885
1101,4087,3916,4142,3884
1102,4165,3838,4123,3903
1103,4106,3897,4104,3922
1104,4117,3886,4062,3964
1105,4130,3873,4111,3915
1106,4121,3882,4122,3904
1107,4152,3851,4156,3870
1108,4119,3884,4104,3922
1109,4102,3901,4100,3926
1110,4124,3879,4126,3900
1111,4138,3865,4123,3903
1112,4172,3831,4086,3940
1113,4119,3884,4099,3927
1114,4149,3854,4159,3867
1115,4144,3859,4135,3891
1116,4116,3887,4168,3858
1117,4129,3874,4143,3883
1118,4136,3867,4107,3919
1119,4115,3888,4101,3925
1120,4113,3890,4132,3894
1121,4156,3847,4131,3895
1122,4167,3836,4093,3933
1123,4142,3861,4124,3902
1124,4133,3870,4089,3937
1125,4180,3823,4104,3922
1126,4123,3880,4132,3894
1127,4165,3838,4087,3939
1128,4157,3846,4126,3900
1129,4144,3859,4072,3954
1130,4148,3855,4077,3949
1131,4158,3845,4116,3910
1132,4186,3817,4072,3954
1133,4160,3843,4098,3928
1134,4125,3878,4133,3893
1135,4134,3869,4156,3870
1136,4148,3855,4093,3933
1137,4136,3867,4098,3928
1138,4155,3848,4073,3953
1139,4192,3811,4093,3933
1140,4157,3846,4080,3946
1141,4179,3824,4075,3951
1142,4148,3855,4125,3901
1143,4152,3851,4103,3923
1144,4173,3830,4122,3904
1145,4178,3825,4115,3911
1146,4141,3862,4089,3937
1147,4103,3900,4131,3895
1148,4145,3858,4102,3924
1149,4164,3839,4127,3899
1150,4146,3857,4126,3900
1151,4138,3865,4123,3903
1152,4161,3842,4124,3902
1153,4133,3870,4074,3952
1154,4119,3884,4100,3926
1155,4130,3873,4101,3925
1156,4086,3917,4111,3915
1157,4182,3821,4106,3920
1158,4141,3862,4062,3964
1159,4125,3878,4088,3938
1160,4165,3838,4139,3887
1161,4159,3844,4120,3906
1162,4157,3846,4124,3902
1163,4167,3836,4122,3904
1164,4136,3867,4082,3944
1165,4134,3869,4110,3916
1166,4098,3905,4149,3877
1167,4164,3839,4075,3951
1168,4183,3820,4160,3866
1169,4103,3900,4065,3961
1170,4158,3845,4146,3880
1171,4144,3859,4149,3877
1172,4120,3883,4095,3931
1173,4125,3878,4103,3923
1174,4201,3802,4093,3933
1175,4105,3898,4069,3957
1176,4143,3860,4110,3916
1177,4132,3871,4094,3932
1178,4139,3864,4099,3927
1179,4132,3871,4127,3899
1180,4171,3832,4112,3914
1181,4182,3821,4148,3878
1182,4148,3855,4121,3905
1183,4133,3870,4127,3899
1184,4122,3881,4121,3905
1185,4175,3828,4070,3956
1186,4171,3832,4079,3947
1187,4194,3809,4068,3958
1188,4130,3873,4089,3937
1189,4145,3858,4092,3934
1190,4142,3861,4108,3918
1191,4155,3848,4131,3895
1192,4144,3859,4091,3935
1193,4175,3828,4097,3929
1194,4172,3831,4091,3935
1195,4139,3864,4071,3955
1196,4128,3875,4076,3950
1197,4156,3847,4096,3930
1198,4183,3820,4127,3899
1199,4123,3880,4059,3967
1200,4088,3915,4089,3937
1201,4125,3878,4080,3946
1202,4146,3857,4089,3937
1203,4146,3857,4050,3976
1204,4130,3873,4113,3913
1205,4147,3856,4080,3946
1206,4123,3880,4110,3916
1207,4119,3884,4096,3930
1208,4148,3855,4100,3926
1209,4128,3875,4120,3906
1210,4164,3839,4118,3908
1211,4141,3862,4132,3894
1212,4084,3919,4111,3915
1213,4151,3852,4064,3962
1214,4180,3823,4144,3882
1215,4120,3883,4104,3922
1216,4155,3848,4151,3875
1217,4143,3860,4110,3916
1218,4132,3871,4121,3905
1219,4152,3851,4141,3885
1220,4121,3882,4093,3933
1221,4123,3880,4119,3907
1222,4141,3862,4117,3909
1223,4127,3876,4144,3882
1224,4136,3867,4152,3874
1225,4136,3867,4144,3882
1226,4073,3930,4099,3927
1227,4158,3845,4079,3947
1228,4127,3876,4099,3927
1229,4113,3890,4139,3887
1230,4137,3866,4126,3900
1231,4118,3885,4112,3914
1232,4116,3887,4129,3897
1233,4132,3871,4150,3876
1234,4149,3854,4147,3879
1235,4127,3876,4133,3893
1236,4067,3936,4073,3953
1237,4147,3856,4110,3916
1238,4153,3850,4136,3890
1239,4138,3865,4151,3875
1240,4100,3903,4132,3894
1241,4134,3869,4111,3915
1242,4142,3861,4075,3951
1243,4175,3828,4117,3909
1244,4158,3845,4148,3878
1245,4172,3831,4132,3894
1246,4190,3813,4138,3888
1247,4154,3849,4086,3940
1248,4105,3898,4132,3894
1249,4103,3900,4102,3924
1250,4100,3903,4139,3887
1251,4116,3887,4108,3918
1252,4177,3826,4070,3956
1253,4137,3866,4087,3939
1254,4164,3839,4087,3939
1255,4135,3868,4088,3938
1256,4146,3857,4121,3905
1257,4140,3863,4075,3951
1258,4140,3863,4098,3928
1259,4119,3884,4099,3927
1260,4144,3859,4111,3915
1261,4162,3841,4097,3929
1262,4126,3877,4076,3950
1263,4111,3892,4123,3903
1264,4103,3900,4132,3894
1265,4110,3893,4064,3962
1266,4081,3922,4101,3925
1267,4118,3885,4103,3923
1268,4146,3857,4086,3940
1269,4142,3861,4112,3914
1270,4130,3873,4107,3919
1271,4129,3874,4091,3935
1272,4089,3914,4087,3939
1273,4150,3853,4138,3888
1274,4107,3896,4101,3925
1275,4160,3843,4100,3926
1276,4095,3908,4094,3932
1277,4105,3898,4126,3900
1278,4125,3878,4148,3878
1279,4131,3872,4117,3909
1280,4124,3879,4105,3921
1281,4097,3906,4108,3918
1282,4188,3815,4105,3921
1283,4136,3867,4090,3936
1284,4146,3857,4101,3925
1285,4148,3855,4125,3901
1286,4145,3858,4069,3957
1287,4094,3909,4097,3929
1288,4148,3855,4138,3888
1289,4164,3839,4115,3911
1290,4111,3892,4084,3942
1291,4139,3864,4127,3899
1292,4137,3866,4098,3928
1293,4093,3910,4111,3915
1294,4135,3868,4143,3883
1295,4120,3883,4145,3881
1296,4117,3886,4151,3875
1297,4127,3876,4129,3897
1298,4140,3863,4125,3901
1299,4117,3886,4142,3884
1300,4150,3853,4102,3924
1301,4112,3891,4124,3902
1302,4149,3854,4142,3884
1303,4176,3827,4173,3853
1304,4115,3888,4149,3877
1305,4087,3916,4092,3934
1306,4089,3914,4094,3932
1307,4138,3865,4112,3914
1308,4089,3914,4157,3869
1309,4097,3906,4128,3898
1310,4127,3876,4159,3867
1311,4096,3907,4141,3885
1312,4115,3888,4183,3843
1313,4080,3923,4173,3853
1314,4119,3884,4112,3914
1315,4165,3838,4139,3887
1316,4130,3873,4132,3894
1317,4134,3869,4130,3896
1318,4149,3854,4181,3845
1319,4128,3875,4146,3880
1320,4166,3837,4138,3888
1321,4171,3832,4128,3898
1322,4150,3853,4143,3883
1323,4125,3878,4127,3899
1324,4113,3890,4150,3876
1325,4110,3893,4110,3916
1326,4135,3868,4201,3825
1327,4143,3860,4118,3908
1328,4147,3856,4128,3898
1329,4151,3852,4110,3916
1330,4129,3874,4140,3886
1331,4098,3905,4113,3913
1332,4117,3886,4113,3913
1333,4165,3838,4146,3880
1334,4168,3835,4100,3926
1335,4126,3877,4160,3866
1336,4148,3855,4100,3926
1337,4146,3857,4125,3901
1338,4112,3891,4137,3889
1339,4145,3858,4131,3895
1340,4139,3864,4136,3890
1341,4107,3896,4146,3880
1342,4116,3887,4124,3902
1343,4139,3864,4101,3925
1344,4147,3856,4152,3874
1345,4140,3863,4147,3879
1346,4119,3884,4134,3892
1347,4108,3895,4108,3918
1348,4158,3845,4134,3892
1349,4135,3868,4074,3952
1350,4164,3839,4095,3931
1351,4152,3851,4086,3940
1352,4155,3848,4068,3958
1353,4097,3906,4121,3905
1354,4095,3908,4120,3906
1355,4089,3914,4117,3909
1356,4086,3917,4080,3946
1357,4117,3886,4090,3936
1358,4124,3879,4129,3897
1359,4089,3914,4079,3947
1360,4123,3880,4131,3895
1361,4139,3864,4120,3906
1362,4136,3867,4077,3949
1363,4092,3911,4080,3946
1364,4091,3912,4139,3887
1365,4088,3915,4127,3899
1366,4089,3914,4074,3952
1367,4128,3875,4136,3890
1368,4149,3854,4099,3927
1369,4125,3878,4101,3925
1370,4159,3844,4088,3938
1371,4170,3833,4118,3908
1372,4136,3867,4112,3914
1373,4181,3822,4117,3909
1374,4130,3873,4083,3943
1375,4147,3856,4121,3905
1376,4099,3904,4124,3902
1377,4162,3841,4129,3897
1378,4148,3855,4101,3925
1379,4134,3869,4127,3899
1380,4151,3852,4072,3954
1381,4148,3855,4137,3889
1382,4129,3874,4096,3930
1383,4194,3809,4098,3928
1384,4120,3883,4107,3919
1385,4146,3857,4144,3882
1386,4141,3862,4124,3902
1387,4135,3868,4125,3901
1388,4157,3846,4065,3961
1389,4192,3811,4072,3954
1390,4142,3861,4100,3926
1391,4129,3874,4126,3900
1392,4155,3848,4093,3933
1393,4132,3871,4105,3921
1394,4152,3851,4095,3931
1395,4140,3863,4094,3932
1396,4086,3917,4122,3904
1397,4145,3858,4116,3910
1398,4088,3915,4136,3890
1399,4094,3909,4078,3948
1400,4099,3904,4115,3911
1401,4142,3861,4099,3927
1402,4113,3890,4083,3943
1403,4100,3903,4119,3907
1404,4162,3841,4131,3895
1405,4131,3872,4115,3911
1406,4128,3875,4072,3954
1407,4107,3896,4115,3911
1408,4114,3889,4078,3948
1409,4174,3829,4097,3929
1410,4127,3876,4129,3897
1411,4160,3843,4102,3924
1412,4157,3846,4117,3909
1413,4145,3858,4143,3883
1414,4109,3894,4097,3929
1415,4132,3871,4096,3930
1416,4106,3897,4103,3923
1417,4107,3896,4124,3902
1418,4111,3892,4079,3947
1419,4085,3918,4126,3900
1420,4164,3839,4147,3879
1421,4135,3868,4161,3865
1422,4102,3901,4114,3912
1423,4138,3865,4102,3924
1424,4175,3828,4143,3883
1425,4123,3880,4082,3944
1426,4111,3892,4058,3968
1427,4149,3854,4102,3924
1428,4143,3860,4105,3921
1429,4138,3865,4089,3937
1430,4090,3913,4067,3959
1431,4105,3898,4074,3952
1432,4102,3901,4124,3902
1433,4133,3870,4128,3898
1434,4125,3878,4086,3940
1435,4128,3875,4080,3946
1436,4145,3858,4113,3913
1437,4157,3846,4080,3946
1438,4095,3908,4118,3908
1439,4157,3846,4129,3897
1440,4083,3920,4053,3973
1441,4110,3893,4114,3912
1442,4134,3869,4070,3956
1443,4123,3880,4102,3924
1444,4099,3904,4105,3921
1445,4175,3828,4116,3910
1446,4106,3897,4082,3944
1447,4157,3846,4138,3888
1448,4174,3829,4082,3944
1449,4151,3852,4082,3944
1450,4186,3817,4159,3867
1451,4137,3866,4113,3913
1452,4145,3858,4095,3931
1453,4129,3874,4102,3924
1454,4129,3874,4085,3941
1455,4193,3810,4113,3913
1456,4149,3854,4117,3909
1457,4202,3801,4110,3916
1458,4164,3839,4125,3901
1459,4180,3823,4080,3946
1460,4176,3827,4119,3907
1461,4097,3906,4109,3917
1462,4141,3862,4103,3923
1463,4136,3867,4091,3935
1464,4177,3826,4125,3901
1465,4120,3883,4146,3880
1466,4119,3884,4107,3919
1467,4115,3888,4116,3910
1468,4184,3819,4135,3891
1469,4154,3849,4086,3940
1470,4163,3840,4147,3879
1471,4152,3851,4086,3940
1472,4183,3820,4053,3973
1473,4136,3867,4145,3881
1474,4144,3859,4100,3926
1475,4137,3866,4122,3904
1476,4101,3902,4120,3906
1477,4162,3841,4113,3913
1478,4106,3897,4104,3922
1479,4170,3833,4098,3928
1480,4120,3883,4091,3935
1481,4130,3873,4092,3934
1482,4119,3884,4112,3914
1483,4111,3892,4105,3921
1484,4156,3847,4132,3894
1485,4158,3845,4102,3924
1486,4090,3913,4113,3913
1487,4184,3819,4106,3920
1488,4116,3887,4083,3943
1489,4128,3875,4080,3946
1490,4117,3886,4130,3896
1491,4144,3859,4080,3946
1492,4140,3863,4092,3934
1493,4168,3835,4115,3911
1494,4176,3827,4101,3925
1495,4163,3840,4076,3950
1496,4151,3852,4091,3935
1497,4185,3818,4126,3900
1498,4128,3875,4093,3933
1499,4138,3865,4086,3940
1500,4119,3884,4100,3926
1501,4181,3822,4120,3906
1502,4150,3853,4113,3913
1503,4180,3823,4113,3913
1504,4144,3859,4090,3936
1505,4128,3875,4085,3941
1506,4156,3847,4108,3918
1507,4136,3867,4088,3938
1508,4163,3840,4121,3905
1509,4144,3859,4123,3903
1510,4144,3859,4126,3900
1511,4158,3845,4123,3903
1512,4181,3822,4153,3873
1513,4198,3805,4138,3888
1514,4141,3862,4100,3926
1515,4116,3887,4055,3971
1516,4174,3829,4113,3913
1517,4180,3823,4081,3945
1518,4153,3850,4084,3942
1519,4135,3868,4130,3896
1520,4155,3848,4099,3927
1521,4151,3852,4124,3902
1522,4170,3833,4070,3956
1523,4131,3872,4046,3980
1524,4176,3827,4051,3975
1525,4136,3867,4117,3909
1526,4173,3830,4081,3945
1527,4119,3884,4059,3967
1528,4142,3861,4079,3947
1529,4151,3852,4081,3945
1530,4125,3878,4073,3953
1531,4180,3823,4104,3922
1532,4174,3829,4127,3899
1533,4128,3875,4090,3936
1534,4191,3812,4098,3928
1535,4135,3868,4090,3936
1536,4137,3866,4089,3937
1537,4208,3795,4140,3886
1538,4164,3839,4157,3869
1539,4157,3846,4118,3908
1540,4177,3826,4056,3970
1541,4142,3861,4112,3914
1542,4224,3779,4093,3933
1543,4188,3815,4093,3933
1544,4183,3820,4055,3971
1545,4214,3789,4116,3910
1546,4151,3852,4087,3939
1547,4137,3866,4095,3931
1548,4139,3864,4141,3885
1549,4122,3881,4103,3923
1550,4157,3846,4085,3941
1551,4181,3822,4121,3905
1552,4118,3885,4087,3939
1553,4126,3877,4120,3906
1554,4163,3840,4113,3913
1555,4113,3890,4088,3938
1556,4115,3888,4107,3919
1557,4123,3880,4123,3903
1558,4179,3824,4106,3920
1559,4182,3821,4098,3928
1560,4152,3851,4062,3964
1561,4185,3818,4106,3920
1562,4122,3881,4095,3931
1563,4136,3867,4094,3932
1564,4128,3875,4055,3971
1565,4174,3829,4106,3920
1566,4197,3806,4103,3923
1567,4165,3838,4119,3907
1568,4148,3855,4108,3918
1569,4164,3839,4079,3947
1570,4166,3837,4086,3940
1571,4151,3852,4092,3934
1572,4202,3801,4079,3947
1573,4211,3792,4064,3962
1574,4153,3850,4126,3900
1575,4165,3838,4077,3949
1576,4104,3899,4062,3964
1577,4157,3846,4123,3903
1578,4117,3886,4050,3976
1579,4172,3831,4055,3971
1580,4121,3882,4051,3975
1581,4154,3849,4077,3949
1582,4163,3840,4057,3969
1583,4201,3802,4091,3935
1584,4154,3849,4082,3944
1585,4194,3809,4125,3901
1586,4099,3904,4135,3891
1587,4144,3859,4111,3915
1588,4138,3865,4092,3934
1589,4163,3840,4061,3965
1590,4173,3830,4105,3921
1591,4166,3837,4161,3865
1592,4182,3821,4096,3930
1593,4185,3818,4136,3890
1594,4178,3825,4161,3865
1595,4140,3863,4076,3950
1596,4176,3827,4098,3928
1597,4179,3824,4114,3912
1598,4146,3857,4108,3918
1599,4142,3861,4083,3943
1600,4162,3841,4113,3913
1601,4175,3828,4095,3931
1602,4125,3878,4130,3896
1603,4169,3834,4094,3932
1604,4146,3857,4110,3916
1605,4185,3818,4097,3929
1606,4188,3815,4099,3927
1607,4158,3845,4104,3922
1608,4154,3849,4099,3927
1609,4142,3861,4100,3926
1610,4167,3836,4124,3902
1611,4151,3852,4096,3930
1612,4118,3885,4128,3898
1613,4139,3864,4094,3932
1614,4131,3872,4120,3906
1615,4180,3823,4115,3911
1616,4191,3812,4105,3921
1617,4193,3810,4119,3907
1618,4129,3874,4109,3917
1619,4166,3837,4086,3940
1620,4137,3866,4110,3916
1621,4139,3864,4087,3939
1622,4171,3832,4128,3898
1623,4180,3823,4111,3915
1624,4172,3831,4114,3912
1625,4104,3899,4120,3906
1626,4181,3822,4086,3940
1627,4138,3865,4087,3939
1628,4112,3891,4083,3943
1629,4184,3819,4089,3937
1630,4153,3850,4118,3908
1631,4123,3880,4117,3909
1632,4160,3843,4047,3979
1633,4186,3817,4098,3928
1634,4184,3819,4078,3948
1635,4140,3863,4102,3924
1636,4138,3865,4109,3917
1637,4179,3824,4092,3934
1638,4120,3883,4104,3922
1639,4181,3822,4124,3902
1640,4120,3883,4092,3934
1641,4112,3891,4107,3919
1642,4106,3897,4114,3912
1643,4167,3836,4109,3917
1644,4120,3883,4086,3940
1645,4134,3869,4118,3908
1646,4117,3886,4084,3942
1647,4094,3909,4104,3922
1648,4167,3836,4136,3890
1649,4142,3861,4107,3919
1650,4158,3845,4107,3919
1651,4145,3858,4099,3927
1652,4157,3846,4109,3917
1653,4123,3880,4090,3936
1654,4121,3882,4089,3937
1655,4126,3877,4077,3949
1656,4118,3885,4057,3969
1657,4150,3853,4109,3917
1658,4178,3825,4108,3918
1659,4170,3833,4064,3962
1660,4160,3843,4135,3891
1661,4155,3848,4071,3955
1662,4154,3849,4081,3945
1663,4170,3833,4121,3905
1664,4179,3824,4115,3911
1665,4178,3825,4076,3950
1666,4164,3839,4097,3929
1667,4182,3821,4101,3925
1668,4143,3860,4056,3970
1669,4155,3848,4109,3917
1670,4152,3851,4096,3930
1671,4157,3846,4101,3925
1672,4178,3825,4090,3936
1673,4151,3852,4080,3946
1674,4180,3823,4092,3934
1675,4130,3873,4087,3939
1676,4176,3827,4079,3947
1677,4104,3899,4062,3964
1678,4134,3869,4054,3972
1679,4119,3884,4081,3945
1680,4135,3868,4123,3903
1681,4147,3856,4055,3971
1682,4167,3836,4079,3947
1683,4166,3837,4125,3901
1684,4156,3847,4108,3918
1685,4168,3835,4083,3943
1686,4152,3851,4135,3891
1687,4183,3820,4081,3945
1688,4175,3828,4075,3951
1689,4140,3863,4067,3959
1690,4157,3846,4076,3950
1691,4152,3851,4078,3948
1692,4157,3846,4111,3915
1693,4130,3873,4067,3959
1694,4208,3795,4127,3899
1695,4184,3819,4102,3924
1696,4212,3791,4064,3962
1697,4167,3836,4120,3906
1698,4212,3791,4112,3914
1699,4156,3847,4072,3954
1700,4182,3821,4047,3979
1701,4160,3843,4095,3931
1702,4192,3811,4067,3959
1703,4147,3856,4082,3944
1704,4180,3823,4085,3941
1705,4147,3856,4059,3967
1706,4151,3852,4092,3934
1707,4170,3833,4080,3946
1708,4134,3869,4098,3928
1709,4160,3843,4099,3927
1710,4157,3846,4075,3951
1711,4144,3859,4066,3960
1712,4184,3819,4084,3942
1713,4151,3852,4083,3943
1714,4144,3859,4085,3941
1715,4177,3826,4050,3976
1716,4143,3860,4070,3956
1717,4183,3820,4089,3937
1718,4146,3857,4080,3946
1719,4158,3845,4056,3970
1720,4172,3831,4076,3950
1721,4168,3835,4100,3926
1722,4136,3867,4082,3944
1723,4204,3799,4044,3982
1724,4160,3843,4118,3908
1725,4128,3875,4102,3924
1726,4126,3877,4055,3971
1727,4144,3859,4048,3978
1728,4198,3805,4069,3957
1729,4212,3791,4075,3951
1730,4203,3800,4118,3908
1731,4206,3797,4121,3905
1732,4159,3844,4036,3990
1733,4163,3840,4075,3951
1734,4167,3836,4094,3932
1735,4174,3829,4102,3924
1736,4159,3844,4070,3956
1737,4136,3867,4089,3937
1738,4150,3853,4017,4009
1739,4192,3811,4036,3990
1740,4151,3852,4112,3914
1741,4132,3871,4020,4006
1742,4135,3868,4041,3985
1743,4150,3853,4016,4010
1744,4177,3826,4100,3926
1745,4169,3834,4087,3939
1746,4110,3893,4087,3939
1747,4180,3823,4087,3939
1748,4179,3824,4027,3999
1749,4158,3845,4056,3970
1750,4173,3830,4064,3962
1751,4144,3859,4083,3943
1752,4168,3835,4039,3987
1753,4134,3869,4055,3971
1754,4204,3799,4005,4021
1755,4160,3843,4065,3961
1756,4166,3837,4081,3945
1757,4176,3827,4090,3936
1758,4182,3821,4085,3941
1759,4138,3865,4062,3964
1760,4224,3779,4085,3941
1761,4125,3878,4097,3929
1762,4200,3803,4101,3925
1763,4118,3885,4120,3906
1764,4166,3837,4074,3952
1765,4117,3886,4070,3956
1766,4197,3806,4116,3910
1767,4135,3868,4089,3937
1768,4149,3854,4098,3928
1769,4144,3859,4083,3943
1770,4096,3907,4040,3986
1771,4114,3889,4107,3919
1772,4143,3860,4046,3980
1773,4157,3846,4080,3946
1774,4185,3818,4097,3929
1775,4150,3853,4079,3947
1776,4189,3814,4043,3983
1777,4141,3862,4024,4002
1778,4210,3793,4045,3981
1779,4181,3822,4081,3945
1780,4138,3865,4091,3935
1781,4154,3849,4101,3925
1782,4146,3857,4069,3957
1783,4140,3863,4054,3972
1784,4160,3843,4075,3951
1785,4207,3796,4052,3974
1786,4159,3844,4053,3973
1787,4156,3847,4102,3924
1788,4179,3824,4067,3959
1789,4141,3862,4034,3992
1790,4191,3812,4058,3968
1791,4117,3886,4049,3977
1792,4183,3820,4086,3940
1793,4224,3779,4056,3970
1794,4215,3788,4102,3924
1795,4168,3835,4026,4000
1796,4139,3864,4064,3962
1797,4122,3881,4035,3991
1798,4182,3821,4080,3946
1799,4168,3835,4107,3919
1800,4218,3785,4122,3904
1801,4182,3821,4063,3963
1802,4192,3811,4078,3948
1803,4149,3854,4070,3956
1804,4162,3841,4028,3998
1805,4138,3865,4086,3940
1806,4149,3854,4095,3931
1807,4167,3836,4061,3965
1808,4181,3822,4030,3996
1809,4189,3814,4045,3981
1810,4179,3824,4103,3923
1811,4182,3821,4073,3953
1812,4182,3821,4031,3995
1813,4201,3802,4050,3976
1814,4205,3798,4069,3957
1815,4152,3851,4093,3933
1816,4175,3828,4066,3960
1817,4203,3800,4050,3976
1818,4213,3790,4067,3959
1819,4231,3772,4070,3956
1820,4185,3818,4075,3951
1821,4212,3791,4096,3930
1822,4185,3818,4052,3974
1823,4232,3771,4083,3943
1824,4229,3774,4068,3958
1825,4234,3769,4045,3981
1826,4164,3839,4020,4006
1827,4192,3811,4064,3962
1828,4191,3812,4083,3943
1829,4172,3831,4020,4006
1830,4227,3776,4046,3980
1831,4161,3842,4066,3960
1832,4177,3826,4060,3966
1833,4184,3819,4015,4011
1834,4176,3827,4065,3961
1835,4152,3851,4051,3975
1836,4165,3838,4050,3976
1837,4185,3818,4048,3978
1838,4155,3848,4073,3953
1839,4189,3814,4091,3935
1840,4207,3796,4030,3996
1841,4190,3813,4032,3994
1842,4179,3824,4071,3955
1843,4172,3831,4058,3968
1844,4178,3825,4079,3947
1845,4198,3805,4041,3985
1846,4206,3797,4091,3935
1847,4220,3783,4115,3911
1848,4189,3814,4050,3976
1849,4208,3795,4096,3930
1850,4156,3847,4049,3977
1851,4185,3818,4054,3972
1852,4168,3835,4066,3960
1853,4157,3846,4048,3978
1854,4172,3831,4031,3995
1855,4160,3843,4070,3956
1856,4171,3832,4064,3962
1857,4210,3793,4088,3938
1858,4180,3823,4042,3984
1859,4162,3841,4101,3925
1860,4148,3855,4056,3970
1861,4159,3844,4035,3991
1862,4174,3829,4042,3984
1863,4153,3850,4081,3945
1864,4162,3841,4054,3972
1865,4185,3818,4073,3953
1866,4194,3809,4056,3970
1867,4182,3821,4079,3947
1868,4225,3778,4082,3944
1869,4175,3828,4086,3940
1870,4181,3822,4078,3948
1871,4221,3782,4089,3937
1872,4168,3835,4084,3942
1873,4148,3855,4102,3924
1874,4214,3789,4120,3906
1875,4166,3837,4089,3937
1876,4194,3809,4070,3956
1877,4131,3872,4065,3961
1878,4160,3843,4056,3970
1879,4168,3835,4052,3974
1880,4182,3821,4084,3942
1881,4157,3846,4032,3994
1882,4195,3808,4067,3959
1883,4204,3799,4049,3977
1884,4163,3840,4081,3945
1885,4156,3847,4050,3976
1886,4160,3843,4061,3965
1887,4185,3818,4067,3959
1888,4194,3809,4072,3954
1889,4155,3848,4059,3967
1890,4138,3865,4072,3954
1891,4159,3844,4086,3940
1892,4233,3770,4050,3976
1893,4178,3825,4056,3970
1894,4173,3830,4097,3929
1895,4160,3843,4052,3974
1896,4195,3808,4094,3932
1897,4178,3825,4085,3941
1898,4157,3846,4062,3964
1899,4180,3823,4027,3999
1900,4193,3810,4061,3965
1901,4195,3808,4048,3978
1902,4185,3818,4055,3971
1903,4199,3804,4073,3953
1904,4148,3855,4086,3940
1905,4197,3806,4012,4014
1906,4148,3855,4091,3935
1907,4160,3843,4079,3947
1908,4114,3889,4077,3949
1909,4162,3841,4048,3978
1910,4140,3863,4061,3965
1911,4130,3873,4085,3941
1912,4168,3835,4067,3959
1913,4180,3823,4016,4010
1914,4166,3837,4088,3938
1915,4134,3869,4066,3960
1916,4177,3826,4072,3954
1917,4174,3829,4042,3984
1918,4192,3811,4041,3985
1919,4195,3808,4006,4020
1920,4165,3838,4076,3950
1921,4198,3805,4089,3937
1922,4193,3810,4043,3983
1923,4225,3778,4046,3980
1924,4163,3840,4056,3970
1925,4200,3803,4089,3937
1926,4168,3835,4059,3967
1927,4169,3834,4040,3986
1928,4166,3837,4102,3924
1929,4186,3817,4049,3977
1930,4167,3836,4048,3978
1931,4148,3855,4059,3967
1932,4203,3800,4008,4018
1933,4199,3804,4044,3982
1934,4159,3844,4095,3931
1935,4184,3819,4030,3996
1936,4214,3789,4040,3986
1937,4214,3789,4050,3976
1938,4181,3822,4058,3968
1939,4161,3842,4077,3949
1940,4220,3783,4072,3954
1941,4179,3824,4050,3976
1942,4205,3798,4066,3960
1943,4133,3870,4072,3954
1944,4192,3811,3998,4028
1945,4163,3840,4026,4000
1946,4171,3832,4072,3954
1947,4184,3819,4071,3955
1948,4154,3849,4059,3967
1949,4172,3831,4135,3891
1950,4201,3802,4041,3985
1951,4175,3828,4054,3972
1952,4196,3807,4104,3922
1953,4150,3853,4030,3996
1954,4206,3797,4045,3981
1955,4180,3823,4054,3972
1956,4192,3811,4012,4014
1957,4235,3768,4074,3952
1958,4227,3776,4056,3970
1959,4206,3797,4015,4011
1960,4166,3837,4043,3983
1961,4180,3823,4057,3969
1962,4226,3777,4049,3977
1963,4221,3782,4032,3994
1964,4185,3818,4013,4013
1965,4203,3800,4010,4016
1966,4170,3833,4037,3989
1967,4169,3834,4028,3998
1968,4189,3814,3996,4030
1969,4156,3847,4045,3981
1970,4168,3835,4028,3998
1971,4156,3847,4010,4016
1972,4162,3841,4010,4016
1973,4210,3793,4036,3990
1974,4238,3765,4089,3937
1975,4180,3823,4012,4014
1976,4135,3868,4026,4000
1977,4166,3837,4039,3987
1978,4236,3767,4029,3997
1979,4210,3793,4056,3970
1980,4170,3833,4036,3990
1981,4209,3794,4045,3981
1982,4218,3785,4041,3985
1983,4181,3822,4048,3978
1984,4177,3826,4047,3979
1985,4159,3844,4066,3960
1986,4205,3798,4048,3978
1987,4168,3835,4002,4024
1988,4240,3763,4043,3983
1989,4161,3842,4042,3984
1990,4222,3781,4026,4000
1991,4222,3781,4012,4014
1992,4157,3846,4045,3981
1993,4183,3820,4035,3991
1994,4186,3817,4050,3976
1995,4201,3802,4016,4010
1996,4212,3791,4038,3988
1997,4189,3814,4074,3952
1998,4219,3784,4066,3960
1999,4192,3811,4047,3979
2000,4182,3821,4037,3989
2001,4171,3832,4015,4011
2002,4233,3770,4011,4015
2003,4170,3833,4056,3970
2004,4226,3777,4032,3994
2005,4226,3777,4081,3945
2006,4222,3781,4059,3967
2007,4185,3818,4092,3934
2008,4212,3791,4061,3965
2009,4182,3821,4092,3934
2010,4195,3808,4085,3941
2011,4165,3838,4071,3955
2012,4198,3805,4033,3993
2013,4197,3806,4035,3991
2014,4180,3823,4009,4017
2015,4213,3790,4057,3969
2016,4185,3818,4033,3993
2017,4187,3816,4008,4018
2018,4183,3820,4016,4010
2019,4216,3787,4048,3978
2020,4223,3780,4077,3949
2021,4239,3764,4055,3971
2022,4202,3801,4091,3935
2023,4169,3834,4045,3981
2024,4213,3790,4047,3979
2025,4216,3787,4076,3950
2026,4166,3837,4022,4004
2027,4208,3795,4088,3938
2028,4217,3786,4085,3941
2029,4219,3784,4061,3965
2030,4204,3799,4077,3949
2031,4170,3833,4031,3995
2032,4165,3838,4065,3961
2033,4241,3762,3994,4032
2034,4180,3823,4033,3993
2035,4200,3803,4041,3985
2036,4179,3824,4056,3970
2037,4164,3839,4039,3987
2038,4189,3814,4001,4025
2039,4188,3815,4020,4006
2040,4208,3795,4096,3930
2041,4206,3797,4029,3997
2042,4180,3823,4018,4008
2043,4155,3848,4046,3980
2044,4215,3788,4046,3980
2045,4188,3815,3986,4040
2046,4169,3834,4104,3922
2047,4184,3819,4024,4002
2048,4220,3783,4081,3945
2049,4135,3868,4038,3988
2050,4148,3855,4044,3982
2051,4167,3836,4048,3978
2052,4179,3824,4076,3950
2053,4173,3830,4077,3949
2054,4148,3855,4073,3953
2055,4192,3811,4050,3976
2056,4156,3847,4048,3978
2057,4181,3822,4060,3966
2058,4182,3821,4064,3962
2059,4190,3813,4091,3935
2060,4175,3828,4087,3939
2061,4147,3856,4029,3997
2062,4183,3820,4074,3952
2063,4184,3819,4087,3939
2064,4158,3845,4058,3968
2065,4209,3794,4043,3983
2066,4171,3832,4071,3955
2067,4213,3790,4089,3937
2068,4134,3869,4067,3959
2069,4144,3859,4077,3949
2070,4185,3818,4065,3961
2071,4217,3786,4084,3942
2072,4170,3833,4047,3979
2073,4198,3805,4099,3927
2074,4174,3829,4019,4007
2075,4161,3842,4073,3953
2076,4192,3811,4051,3975
2077,4220,3783,4066,3960
2078,4184,3819,4051,3975
2079,4163,3840,4065,3961
2080,4213,3790,4095,3931
2081,4218,3785,4080,3946
2082,4132,3871,4047,3979
2083,4176,3827,4058,3968
2084,4138,3865,4090,3936
2085,4230,3773,4091,3935
2086,4193,3810,4063,3963
2087,4191,3812,4072,3954
2088,4168,3835,4037,3989
2089,4183,3820,4076,3950
2090,4164,3839,4082,3944
2091,4201,3802,4042,3984
2092,4216,3787,4061,3965
2093,4169,3834,4069,3957
2094,4196,3807,4085,3941
2095,4236,3767,4082,3944
2096,4192,3811,4048,3978
2097,4199,3804,4069,3957
2098,4182,3821,4015,4011
2099,4189,3814,4050,3976
2100,4215,3788,4071,3955
2101,4203,3800,4087,3939
2102,4181,3822,4020,4006
2103,4145,3858,4069,3957
2104,4148,3855,4084,3942
2105,4137,3866,4089,3937
2106,4213,3790,4061,3965
2107,4200,3803,4087,3939
2108,4173,3830,4040,3986
2109,4192,3811,4072,3954
2110,4172,3831,4048,3978
2111,4226,3777,4067,3959
2112,4197,3806,4075,3951
2113,4170,3833,4076,3950
2114,4176,3827,4059,3967
2115,4205,3798,4064,3962
2116,4206,3797,4072,3954
2117,4172,3831,4051,3975
2118,4216,3787,4012,4014
2119,4203,3800,4062,3964
2120,4228,3775,4032,3994
2121,4180,3823,4047,3979
2122,4224,3779,4085,3941
2123,4179,3824,4016,4010
2124,4221,3782,4013,4013
2125,4187,3816,4066,3960
2126,4194,3809,4041,3985
2127,4192,3811,4057,3969
2128,4150,3853,4070,3956
2129,4188,3815,4057,3969
2130,4172,3831,4055,3971
2131,4233,3770,4081,3945
2132,4206,3797,4053,3973
2133,4207,3796,4030,3996
2134,4173,3830,4060,3966
2135,4194,3809,4013,4013
2136,4183,3820,4079,3947
2137,4167,3836,4075,3951
2138,4211,3792,4092,3934
2139,4183,3820,4069,3957
2140,4190,3813,4088,3938
2141,4184,3819,4064,3962
2142,4224,3779,4053,3973
2143,4191,3812,4071,3955
2144,4154,3849,4035,3991
2145,4197,3806,4049,3977
2146,4190,3813,4059,3967
2147,4158,3845,4050,3976
2148,4197,3806,4044,3982
2149,4187,3816,4001,4025
2150,4213,3790,4082,3944
2151,4215,3788,4064,3962
2152,4196,3807,4037,3989
2153,4185,3818,4009,4017
2154,4185,3818,4060,3966
2155,4236,3767,4064,3962
2156,4226,3777,4063,3963
2157,4185,3818,4069,3957
2158,4207,3796,4068,3958
2159,4211,3792,4061,3965
2160,4158,3845,4069,3957
2161,4198,3805,4078,3948
2162,4201,3802,4077,3949
2163,4182,3821,4073,3953
2164,4187,3816,4088,3938
2165,4209,3794,4058,3968
2166,4221,3782,4082,3944
2167,4222,3781,4086,3940
2168,4181,3822,4079,3947
2169,4216,3787,4063,3963
2170,4203,3800,4049,3977
2171,4177,3826,4053,3973
2172,4220,3783,4090,3936
2173,4159,3844,4053,3973
2174,4146,3857,4044,3982
2175,4183,3820,4021,4005
2176,4202,3801,4076,3950
2177,4168,3835,4061,3965
2178,4188,3815,4044,3982
2179,4243,3760,4085,3941
2180,4171,3832,4036,3990
2181,4154,3849,4048,3978
2182,4160,3843,4098,3928
2183,4193,3810,3998,4028
2184,4139,3864,4034,3992
2185,4136,3867,4078,3948
2186,4140,3863,4088,3938
2187,4175,3828,4076,3950
2188,4193,3810,4075,3951
2189,4174,3829,4039,3987
2190,4164,3839,4043,3983
2191,4172,3831,4100,3926
2192,4199,3804,4067,3959
2193,4160,3843,4042,3984
2194,4137,3866,4072,3954
2195,4135,3868,4030,3996
2196,4171,3832,4032,3994
2197,4182,3821,4095,3931
2198,4205,3798,4062,3964
2199,4160,3843,4046,3980
2200,4196,3807,4011,4015
2201,4196,3807,4047,3979
2202,4178,3825,4022,4004
2203,4191,3812,4037,3989
2204,4138,3865,4097,3929
2205,4196,3807,4061,3965
2206,4201,3802,4066,3960
2207,4220,3783,4120,3906
2208,4245,3758,4074,3952
2209,4192,3811,4043,3983
2210,4212,3791,4068,3958
2211,4234,3769,4059,3967
2212,4156,3847,4055,3971
2213,4178,3825,4101,3925
2214,4221,3782,4094,3932
2215,4170,3833,4080,3946
2216,4189,3814,4054,3972
2217,4192,3811,4034,3992
2218,4176,3827,4037,3989
2219,4236,3767,4059,3967
2220,4242,3761,4064,3962
2221,4247,3756,4064,3962
2222,4181,3822,4095,3931
2223,4199,3804,4048,3978
2224,4201,3802,4097,3929
2225,4194,3809,4042,3984
2226,4173,3830,4051,3975
2227,4198,3805,4087,3939
2228,4200,3803,4048,3978
2229,4184,3819,4061,3965
2230,4211,3792,4050,3976
2231,4190,3813,4059,3967
2232,4207,3796,4060,3966
2233,4251,3752,4086,3940
2234,4199,3804,4071,3955
2235,4166,3837,4065,3961
2236,4185,3818,4018,4008
2237,4184,3819,4058,3968
2238,4172,3831,4113,3913
2239,4162,3841,4100,3926
2240,4159,3844,4082,3944
2241,4185,3818,4052,3974
2242,4158,3845,4047,3979
2243,4192,3811,4077,3949
2244,4206,3797,4067,3959
2245,4167,3836,4089,3937
2246,4214,3789,4086,3940
2247,4149,3854,4059,3967
2248,4208,3795,4089,3937
2249,4189,3814,4044,3982
2250,4173,3830,4053,3973
2251,4168,3835,4088,3938
2252,4209,3794,4092,3934
2253,4206,3797,4052,3974
2254,4181,3822,3999,4027
2255,4187,3816,4092,3934
2256,4164,3839,4050,3976
2257,4186,3817,4051,3975
2258,4204,3799,4094,3932
2259,4174,3829,4072,3954
2260,4190,3813,4049,3977
2261,4184,3819,4092,3934
2262,4202,3801,4111,3915
2263,4187,3816,4089,3937
2264,4175,3828,4040,3986
2265,4167,3836,4060,3966
2266,4164,3839,4076,3950
2267,4197,3806,4044,3982
2268,4193,3810,4069,3957
2269,4163,3840,4054,3972
2270,4194,3809,4105,3921
2271,4173,3830,4079,3947
2272,4181,3822,4084,3942
2273,4165,3838,4059,3967
2274,4238,3765,4111,3915
2275,4181,3822,4039,3987
2276,4183,3820,4121,3905
2277,4227,3776,4120,3906
2278,4184,3819,4058,3968
2279,4221,3782,4067,3959
2280,4245,3758,4076,3950
2281,4192,3811,4064,3962
2282,4228,3775,4070,3956
2283,4230,3773,4074,3952
2284,4203,3800,4069,3957
2285,4196,3807,4065,3961
2286,4221,3782,4070,3956
2287,4217,3786,4054,3972
2288,4183,3820,4072,3954
2289,4172,3831,4075,3951
2290,4187,3816,4039,3987
2291,4169,3834,4098,3928
2292,4209,3794,4046,3980
2293,4205,3798,4080,3946
2294,4193,3810,4100,3926
2295,4214,3789,4059,3967
2296,4187,3816,4090,3936
2297,4168,3835,4079,3947
2298,4217,3786,4091,3935
2299,4200,3803,4071,3955
2300,4215,3788,4105,3921
2301,4256,3747,4077,3949
2302,4206,3797,4031,3995
2303,4253,3750,4062,3964
2304,4189,3814,4086,3940
2305,4190,3813,4010,4016
2306,4203,3800,4091,3935
2307,4186,3817,4076,3950
2308,4175,3828,4055,3971
2309,4189,3814,4043,3983
2310,4166,3837,4066,3960
2311,4189,3814,4009,4017
2312,4186,3817,4078,3948
2313,4190,3813,4014,4012
2314,4154,3849,4038,3988
2315,4183,3820,4033,3993
2316,4144,3859,4043,3983
2317,4184,3819,4100,3926
2318,4179,3824,4055,3971
2319,4205,3798,4095,3931
2320,4243,3760,4073,3953
2321,4195,3808,4090,3936
2322,4154,3849,4055,3971
2323,4172,3831,4081,3945
2324,4157,3846,4078,3948
2325,4150,3853,4106,3920
2326,4220,3783,4052,3974
2327,4186,3817,4047,3979
2328,4176,3827,4065,3961
2329,4199,3804,4027,3999
2330,4159,3844,4019,4007
2331,4142,3861,4026,4000
2332,4142,3861,4076,3950
2333,4189,3814,4045,3981
2334,4191,3812,4046,3980
2335,4215,3788,4031,3995
2336,4191,3812,4069,3957
2337,4205,3798,4056,3970
2338,4216,3787,4050,3976
2339,4201,3802,4056,3970
2340,4186,3817,4006,4020
2341,4228,3775,4092,3934
2342,4173,3830,4068,3958
2343,4161,3842,4018,4008
2344,4183,3820,4089,3937
2345,4172,3831,4071,3955
2346,4206,3797,4077,3949
2347,4183,3820,4054,3972
2348,4218,3785,4112,3914
2349,4192,3811,4071,3955
2350,4222,3781,4074,3952
2351,4203,3800,4105,3921
2352,4167,3836,4091,3935
2353,4155,3848,4086,3940
2354,4181,3822,4072,3954
2355,4170,3833,4080,3946
2356,4191,3812,4078,3948
2357,4201,3802,4032,3994
2358,4155,3848,4087,3939
2359,4104,3899,4086,3940
2360,4130,3873,4075,3951
2361,4217,3786,4074,3952
2362,4140,3863,4067,3959
2363,4176,3827,4054,3972
2364,4149,3854,4054,3972
2365,4178,3825,4093,3933
2366,4163,3840,4060,3966
2367,4206,3797,4056,3970
2368,4164,3839,4035,3991
2369,4228,3775,4075,3951
2370,4178,3825,4100,3926
2371,4184,3819,4079,3947
2372,4171,3832,4079,3947
2373,4233,3770,4075,3951
2374,4162,3841,4061,3965
2375,4185,3818,4031,3995
2376,4181,3822,4116,3910
2377,4172,3831,4069,3957
2378,4157,3846,4089,3937
2379,4246,3757,4020,4006
2380,4219,3784,4080,3946
2381,4203,3800,4068,3958
2382,4208,3795,4078,3948
2383,4205,3798,4068,3958
2384,4233,3770,4048,3978
2385,4211,3792,4073,3953
2386,4240,3763,4071,3955
2387,4199,3804,4052,3974
2388,4161,3842,4108,3918
2389,4202,3801,4037,3989
2390,4185,3818,4088,3938
2391,4239,3764,4016,4010
2392,4171,3832,4060,3966
2393,4186,3817,4042,3984
2394,4205,3798,4061,3965
2395,4185,3818,4039,3987
2396,4155,3848,4079,3947
2397,4156,3847,4063,3963
2398,4217,3786,4073,3953
2399,4167,3836,4041,3985
2400,4174,3829,4067,3959
2401,4184,3819,4054,3972
2402,4217,3786,4091,3935
2403,4158,3845,4070,3956
2404,4179,3824,4059,3967
2405,4208,3795,4064,3962
2406,4220,3783,4114,3912
2407,4173,3830,4086,3940
2408,4196,3807,4076,3950
2409,4231,3772,4103,3923
2410,4204,3799,4009,4017
2411,4217,3786,4063,3963
2412,4194,3809,4055,3971
2413,4177,3826,4058,3968
2414,4191,3812,4119,3907
2415,4177,3826,4061,3965
2416,4190,3813,4087,3939
2417,4212,3791,4048,3978
2418,4183,3820,4094,3932
2419,4196,3807,4056,3970
2420,4170,3833,4091,3935
2421,4217,3786,4054,3972
2422,4234,3769,4066,3960
2423,4203,3800,4092,3934
2424,4188,3815,4055,3971
2425,4121,3882,4049,3977
2426,4183,3820,4113,3913
2427,4174,3829,4092,3934
2428,4198,3805,4062,3964
2429,4181,3822,4063,3963
2430,4218,3785,4027,3999
2431,4166,3837,4074,3952
2432,4146,3857,4087,3939
2433,4201,3802,4070,3956
2434,4181,3822,4021,4005
2435,4191,3812,4023,4003
2436,4188,3815,4044,3982
2437,4143,3860,4051,3975
2438,4183,3820,4045,3981
2439,4123,3880,4050,3976
2440,4163,3840,4040,3986
2441,4222,3781,4063,3963
2442,4181,3822,4076,3950
2443,4203,3800,4086,3940
2444,4201,3802,4050,3976
2445,4173,3830,4041,3985
2446,4140,3863,4028,3998
2447,4213,3790,4081,3945
2448,4177,3826,4010,4016
2449,4187,3816,4024,4002
2450,4197,3806,4058,3968
2451,4202,3801,4065,3961
2452,4183,3820,4059,3967
2453,4186,3817,4042,3984
2454,4157,3846,4036,3990
2455,4171,3832,4028,3998
2456,4173,3830,4057,3969
2457,4151,3852,4064,3962
2458,4210,3793,4022,4004
2459,4252,3751,4066,3960
2460,4162,3841,4026,4000
2461,4215,3788,4048,3978
2462,4211,3792,4087,3939
2463,4194,3809,4073,3953
2464,4165,3838,4080,3946
2465,4178,3825,4071,3955
2466,4165,3838,4101,3925
2467,4204,3799,4065,3961
2468,4193,3810,4108,3918
2469,4234,3769,4070,3956
2470,4211,3792,4038,3988
2471,4197,3806,4072,3954
2472,4175,3828,4037,3989
2473,4161,3842,4080,3946
2474,4160,3843,4061,3965
2475,4221,3782,4050,3976
2476,4199,3804,4048,3978
2477,4219,3784,4081,3945
2478,4192,3811,4074,3952
2479,4180,3823,4070,3956
2480,4190,3813,4065,3961
2481,4206,3797,4086,3940
2482,4214,3789,4071,3955
2483,4163,3840,4049,3977
2484,4152,3851,4054,3972
2485,4216,3787,4039,3987
2486,4163,3840,4035,3991
2487,4180,3823,4024,4002
2488,4179,3824,4048,3978
2489,4189,3814,4076,3950
2490,4180,3823,4047,3979
2491,4169,3834,4084,3942
2492,4204,3799,4113,3913
2493,4160,3843,4049,3977
2494,4200,3803,4062,3964
2495,4179,3824,4039,3987
2496,4207,3796,4045,3981
2497,4212,3791,4042,3984
2498,4164,3839,4065,3961
2499,4198,3805,4023,4003
2500,4193,3810,4066,3960
2501,4194,3809,4047,3979
2502,4186,3817,4048,3978
2503,4190,3813,4080,3946
2504,4237,3766,4066,3960
2505,4174,3829,4057,3969
2506,4212,3791,4102,3924
2507,4192,3811,4031,3995
2508,4155,3848,4091,3935
2509,4179,3824,4086,3940
2510,4183,3820,4055,3971
2511,4246,3757,4077,3949
2512,4190,3813,4078,3948
2513,4160,3843,4041,3985
2514,4206,3797,4083,3943
2515,4152,3851,4070,3956
2516,4148,3855,4100,3926
2517,4203,3800,4108,3918
2518,4141,3862,4085,3941
2519,4220,3783,4086,3940
2520,4155,3848,4083,3943
2521,4186,3817,4096,3930
2522,4199,3804,4100,3926
2523,4197,3806,4097,3929
2524,4195,3808,4090,3936
2525,4155,3848,4057,3969
2526,4206,3797,4104,3922
2527,4149,3854,4061,3965
2528,4174,3829,4116,3910
2529,4223,3780,4045,3981
2530,4233,3770,4063,3963
2531,4210,3793,4032,3994
2532,4230,3773,4067,3959
2533,4177,3826,4066,3960
2534,4204,3799,4037,3989
2535,4194,3809,4052,3974
2536,4153,3850,4042,3984
2537,4169,3834,4062,3964
2538,4204,3799,4022,4004
2539,4228,3775,4064,3962
2540,4163,3840,4029,3997
2541,4185,3818,4034,3992
2542,4149,3854,4102,3924
2543,4178,3825,4048,3978
2544,4176,3827,4071,3955
2545,4147,3856,4082,3944
2546,4223,3780,4041,3985
2547,4162,3841,4074,3952
2548,4199,3804,4110,3916
2549,4191,3812,4057,3969
2550,4196,3807,4046,3980
2551,4192,3811,4032,3994
2552,4225,3778,4054,3972
2553,4206,3797,4092,3934
2554,4185,3818,4061,3965
2555,4158,3845,4068,3958
2556,4213,3790,4023,4003
2557,4190,3813,4061,3965
2558,4176,3827,4035,3991
2559,4213,3790,4075,3951
2560,4182,3821,4035,3991
2561,4208,3795,4069,3957
2562,4168,3835,4096,3930
2563,4195,3808,4038,3988
2564,4184,3819,4114,3912
2565,4203,3800,4088,3938
2566,4184,3819,4062,3964
2567,4211,3792,4123,3903
2568,4220,3783,4101,3925
2569,4203,3800,4094,3932
2570,4224,3779,4074,3952
2571,4181,3822,4051,3975
2572,4196,3807,4012,4014
2573,4184,3819,4061,3965
2574,4183,3820,4067,3959
2575,4209,3794,4052,3974
2576,4179,3824,4056,3970
2577,4202,3801,4067,3959
2578,4197,3806,4052,3974
2579,4167,3836,4033,3993
2580,4169,3834,4065,3961
2581,4193,3810,4072,3954
2582,4154,3849,4062,3964
2583,4182,3821,4085,3941
2584,4189,3814,4074,3952
2585,4239,3764,4068,3958
2586,4175,3828,4019,4007
2587,4185,3818,4075,3951
2588,4167,3836,4061,3965
2589,4215,3788,4080,3946
2590,4183,3820,4052,3974
2591,4184,3819,4060,3966
2592,4215,3788,4034,3992
2593,4191,3812,4103,3923
2594,4166,3837,4025,4001
2595,4192,3811,4054,3972
2596,4200,3803,4107,3919
2597,4217,3786,4015,4011
2598,4165,3838,4050,3976
2599,4210,3793,4061,3965
2600,4225,3778,4049,3977
2601,4224,3779,4073,3953
2602,4221,3782,4068,3958
2603,4177,3826,4056,3970
2604,4199,3804,4089,3937
2605,4157,3846,4011,4015
2606,4217,3786,4044,3982
2607,4253,3750,4087,3939
2608,4182,3821,4040,3986
2609,4158,3845,3988,4038
2610,4186,3817,4006,4020
2611,4214,3789,4022,4004
2612,4231,3772,4051,3975
2613,4209,3794,4046,3980
2614,4202,3801,4048,3978
2615,4233,3770,4020,4006
2616,4199,3804,4014,4012
2617,4223,3780,4038,3988
2618,4185,3818,4048,3978
2619,4207,3796,3995,4031
2620,4197,3806,4021,4005
2621,4236,3767,4057,3969
2622,4204,3799,4005,4021
2623,4216,3787,4069,3957
2624,4163,3840,4047,3979
2625,4176,3827,4058,3968
2626,4218,3785,4005,4021
2627,4217,3786,4064,3962
2628,4193,3810,4126,3900
2629,4221,3782,4063,3963
2630,4224,3779,4103,3923
2631,4178,3825,4041,3985
2632,4199,3804,4076,3950
2633,4183,3820,4034,3992
2634,4181,3822,4065,3961
2635,4194,3809,4052,3974
2636,4197,3806,4045,3981
2637,4165,3838,4069,3957
2638,4166,3837,4052,3974
2639,4175,3828,4072,3954
2640,4207,3796,4074,3952
2641,4188,3815,4106,3920
2642,4191,3812,4084,3942
2643,4219,3784,4122,3904
2644,4153,3850,4052,3974
2645,4167,3836,4094,3932
2646,4181,3822,4048,3978
2647,4227,3776,4058,3968
2648,4163,3840,4090,3936
2649,4156,3847,4043,3983
2650,4155,3848,4079,3947
2651,4160,3843,4024,4002
2652,4194,3809,4045,3981
2653,4170,3833,4079,3947
2654,4184,3819,4070,3956
2655,4190,3813,4039,3987
2656,4160,3843,4051,3975
2657,4136,3867,4048,3978
2658,4184,3819,4105,3921
2659,4165,3838,4077,3949
2660,4248,3755,4102,3924
2661,4190,3813,4040,3986
2662,4186,3817,4091,3935
2663,4134,3869,4078,3948
2664,4140,3863,4030,3996
2665,4106,3897,4053,3973
2666,4166,3837,4081,3945
2667,4170,3833,4063,3963
2668,4153,3850,4050,3976
2669,4246,3757,4067,3959
2670,4181,3822,4059,3967
2671,4198,3805,4069,3957
2672,4219,3784,4025,4001
2673,4189,3814,4095,3931
2674,4211,3792,4040,3986
2675,4162,3841,4035,3991
2676,4166,3837,4052,3974
2677,4227,3776,4073,3953
2678,4198,3805,4079,3947
2679,4184,3819,4076,3950
2680,4162,3841,4049,3977
2681,4140,3863,4012,4014
2682,4235,3768,4033,3993
2683,4182,3821,4048,3978
2684,4150,3853,4080,3946
2685,4198,3805,4095,3931
2686,4175,3828,4037,3989
2687,4215,3788,4075,3951
2688,4162,3841,4052,3974
2689,4206,3797,4070,3956
2690,4196,3807,4074,3952
2691,4146,3857,4074,3952
2692,4147,3856,4095,3931
2693,4205,3798,4102,3924
2694,4186,3817,4052,3974
2695,4167,3836,4080,3946
2696,4187,3816,4031,3995
2697,4180,3823,4079,3947
2698,4183,3820,4029,3997
2699,4199,3804,4073,3953
2700,4171,3832,4057,3969
2701,4176,3827,4046,3980
2702,4169,3834,4074,3952
2703,4187,3816,4064,3962
2704,4204,3799,4076,3950
2705,4187,3816,4041,3985
2706,4181,3822,4057,3969
2707,4182,3821,4052,3974
2708,4165,3838,4079,3947
2709,4199,3804,4099,3927
2710,4169,3834,4073,3953
2711,4149,3854,4067,3959
2712,4180,3823,4099,3927
2713,4162,3841,4070,3956
2714,4193,3810,4049,3977
2715,4204,3799,4065,3961
2716,4182,3821,4072,3954
2717,4197,3806,4059,3967
2718,4192,3811,4054,3972
2719,4210,3793,4052,3974
2720,4194,3809,4074,3952
2721,4164,3839,4113,3913
2722,4179,3824,4073,3953
2723,4252,3751,4096,3930
2724,4201,3802,4097,3929
2725,4178,3825,4069,3957
2726,4176,3827,4096,3930
2727,4262,3741,4081,3945
2728,4178,3825,4052,3974
2729,4140,3863,4067,3959
2730,4195,3808,4003,4023
2731,4179,3824,4101,3925
2732,4176,3827,4103,3923
2733,4160,3843,4091,3935
2734,4198,3805,4087,3939
2735,4178,3825,4080,3946
2736,4188,3815,4099,3927
2737,4145,3858,4127,3899
2738,4201,3802,4046,3980
2739,4181,3822,4077,3949
2740,4165,3838,4101,3925
2741,4186,3817,4024,4002
2742,4178,3825,4060,3966
2743,4198,3805,4070,3956
2744,4192,3811,4074,3952
2745,4179,3824,4088,3938
2746,4193,3810,4093,3933
2747,4203,3800,4068,3958
2748,4179,3824,4033,3993
2749,4187,3816,4052,3974
2750,4197,3806,4057,3969
2751,4187,3816,4046,3980
2752,4220,3783,4043,3983
2753,4223,3780,4052,3974
2754,4193,3810,4013,4013
2755,4245,3758,4055,3971
2756,4211,3792,4034,3992
2757,4170,3833,4054,3972
2758,4175,3828,4053,3973
2759,4228,3775,4095,3931
2760,4161,3842,4068,3958
2761,4193,3810,4040,3986
2762,4180,3823,4055,3971
2763,4158,3845,4040,3986
2764,4170,3833,4046,3980
2765,4193,3810,4035,3991
2766,4196,3807,4083,3943
2767,4150,3853,4075,3951
2768,4199,3804,4060,3966
2769,4166,3837,4022,4004
2770,4170,3833,4052,3974
2771,4199,3804,4073,3953
2772,4168,3835,4015,4011
2773,4171,3832,4051,3975
2774,4219,3784,4047,3979
2775,4201,3802,4030,3996
2776,4174,3829,4105,3921
2777,4204,3799,4084,3942
2778,4245,3758,4061,3965
2779,4165,3838,4034,3992
2780,4178,3825,4052,3974
2781,4192,3811,4063,3963
2782,4157,3846,4038,3988
2783,4219,3784,4021,4005
2784,4200,3803,4073,3953
2785,4197,3806,4114,3912
2786,4178,3825,4045,3981
2787,4219,3784,4074,3952
2788,4169,3834,4045,3981
2789,4171,3832,4096,3930
2790,4227,3776,4081,3945
2791,4206,3797,4083,3943
2792,4216,3787,4045,3981
2793,4185,3818,4045,3981
2794,4148,3855,4053,3973
2795,4152,3851,4066,3960
2796,4251,3752,4083,3943
2797,4190,3813,4117,3909
2798,4220,3783,4088,3938
2799,4162,3841,4055,3971
2800,4136,3867,4038,3988
2801,4184,3819,4057,3969
2802,4199,3804,4031,3995
2803,4225,3778,4079,3947
2804,4175,3828,4069,3957
2805,4178,3825,4064,3962
2806,4198,3805,4066,3960
2807,4236,3767,4049,3977
2808,4200,3803,4069,3957
2809,4217,3786,4106,3920
2810,4164,3839,4036,3990
2811,4192,3811,4095,3931
2812,4217,3786,4049,3977
2813,4189,3814,4081,3945
2814,4196,3807,4117,3909
2815,4176,3827,4084,3942
2816,4173,3830,4072,3954
2817,4209,3794,4111,3915
2818,4172,3831,4095,3931
2819,4198,3805,4082,3944
2820,4183,3820,4115,3911
2821,4206,3797,4064,3962
2822,4230,3773,4056,3970
2823,4169,3834,4065,3961
2824,4183,3820,4117,3909
2825,4167,3836,4064,3962
2826,4184,3819,4095,3931
2827,4167,3836,4098,3928
2828,4189,3814,4094,3932
2829,4178,3825,4124,3902
2830,4157,3846,4093,3933
2831,4112,3891,4052,3974
2832,4167,3836,4054,3972
2833,4191,3812,4070,3956
2834,4111,3892,4041,3985
2835,4195,3808,4097,3929
2836,4160,3843,4063,3963
2837,4143,3860,4072,3954
2838,4151,3852,4054,3972
2839,4179,3824,4076,3950
2840,4184,3819,4125,3901
2841,4128,3875,4052,3974
2842,4170,3833,4105,3921
2843,4174,3829,4100,3926
2844,4170,3833,4071,3955
2845,4129,3874,4062,3964
2846,4156,3847,4028,3998
2847,4155,3848,4022,4004
2848,4167,3836,4080,3946
2849,4170,3833,4011,4015
2850,4159,3844,4082,3944
2851,4174,3829,4047,3979
2852,4181,3822,4048,3978
2853,4192,3811,4064,3962
2854,4170,3833,4083,3943
2855,4189,3814,4074,3952
2856,4240,3763,4111,3915
2857,4217,3786,4089,3937
2858,4212,3791,4068,3958
2859,4213,3790,4018,4008
2860,4199,3804,4073,3953
2861,4167,3836,4073,3953
2862,4183,3820,4071,3955
2863,4146,3857,4099,3927
2864,4188,3815,4119,3907
2865,4204,3799,4096,3930
2866,4151,3852,4079,3947
2867,4154,3849,4060,3966
2868,4203,3800,4070,3956
2869,4203,3800,4082,3944
2870,4187,3816,4073,3953
2871,4209,3794,4044,3982
2872,4215,3788,4089,3937
2873,4177,3826,4067,3959
2874,4200,3803,4043,3983
2875,4173,3830,4036,3990
2876,4183,3820,4071,3955
2877,4179,3824,4063,3963
2878,4143,3860,4088,3938
2879,4194,3809,4036,3990
2880,4181,3822,4068,3958
2881,4156,3847,4104,3922
2882,4166,3837,4109,3917
2883,4198,3805,4034,3992
2884,4172,3831,4067,3959
2885,4179,3824,4057,3969
2886,4180,3823,4055,3971
2887,4162,3841,4092,3934
2888,4171,3832,4022,4004
2889,4185,3818,4073,3953
2890,4172,3831,4059,3967
2891,4127,3876,4080,3946
2892,4192,3811,4074,3952
2893,4155,3848,4084,3942
2894,4201,3802,4079,3947
2895,4147,3856,4044,3982
2896,4165,3838,4000,4026
2897,4167,3836,4031,3995
2898,4205,3798,4065,3961
2899,4164,3839,4041,3985
2900,4172,3831,4044,3982
2901,4172,3831,4022,4004
2902,4143,3860,4034,3992
2903,4100,3903,4052,3974
2904,4138,3865,4053,3973
2905,4175,3828,4062,3964
2906,4178,3825,4071,3955
2907,4213,3790,4044,3982
2908,4136,3867,4045,3981
2909,4182,3821,4041,3985
2910,4145,3858,4055,3971
2911,4149,3854,4027,3999
2912,4210,3793,4055,3971
2913,4224,3779,4068,3958
2914,4207,3796,4054,3972
2915,4222,3781,4081,3945
2916,4183,3820,4070,3956
2917,4222,3781,4059,3967
2918,4157,3846,4036,3990
2919,4192,3811,4039,3987
2920,4175,3828,4045,3981
2921,4215,3788,4059,3967
2922,4166,3837,4075,3951
2923,4133,3870,4087,3939
2924,4162,3841,4017,4009
2925,4182,3821,4055,3971
2926,4188,3815,4059,3967
2927,4158,3845,4081,3945
2928,4226,3777,4049,3977
2929,4197,3806,4077,3949
2930,4203,3800,4055,3971
2931,4189,3814,4043,3983
2932,4168,3835,4070,3956
2933,4215,3788,4084,3942
2934,4210,3793,4051,3975
2935,4184,3819,4057,3969
2936,4166,3837,4109,3917
2937,4149,3854,4080,3946
2938,4176,3827,4085,3941
2939,4211,3792,4024,4002
2940,4179,3824,4052,3974
2941,4192,3811,4045,3981
2942,4213,3790,4089,3937
2943,4212,3791,4030,3996
2944,4176,3827,4036,3990
2945,4169,3834,4062,3964
2946,4220,3783,4062,3964
2947,4209,3794,4049,3977
2948,4145,3858,4035,3991
2949,4200,3803,4038,3988
2950,4184,3819,4038,3988
2951,4159,3844,4036,3990
2952,4187,3816,4061,3965
2953,4216,3787,4061,3965
2954,4197,3806,4039,3987
2955,4203,3800,4050,3976
2956,4197,3806,4003,4023
2957,4215,3788,4020,4006
2958,4160,3843,4112,3914
2959,4183,3820,4053,3973
2960,4168,3835,4027,3999
2961,4190,3813,4054,3972
2962,4203,3800,4063,3963
2963,4231,3772,4098,3928
2964,4228,3775,4075,3951
2965,4214,3789,4040,3986
2966,4208,3795,4038,3988
2967,4171,3832,4048,3978
2968,4172,3831,4079,3947
2969,4184,3819,4087,3939
2970,4199,3804,4122,3904
2971,4185,3818,4053,3973
2972,4203,3800,4023,4003
2973,4165,3838,4045,3981
2974,4197,3806,4032,3994
2975,4133,3870,4068,3958
2976,4173,3830,4038,3988
2977,4189,3814,4055,3971
2978,4194,3809,4051,3975
2979,4213,3790,4064,3962
2980,4192,3811,4024,4002
2981,4196,3807,4071,3955
2982,4180,3823,4041,3985
2983,4160,3843,4048,3978
2984,4195,3808,4020,4006
2985,4183,3820,4071,3955
2986,4160,3843,4067,3959
2987,4168,3835,4045,3981
2988,4154,3849,4046,3980
2989,4188,3815,4091,3935
2990,4181,3822,4023,4003
2991,4149,3854,4041,3985
2992,4209,3794,4103,3923
2993,4184,3819,4029,3997
2994,4194,3809,4072,3954
2995,4230,3773,4040,3986
2996,4163,3840,4050,3976
2997,4175,3828,4070,3956
2998,4204,3799,4062,3964
2999,4167,3836,4047,3979
3000,4177,3826,4074,3952
3001,4194,3809,3993,4033
3002,4219,3784,4030,3996
3003,4143,3860,4056,3970
3004,4160,3843,4022,4004
3005,4213,3790,3999,4027
3006,4184,3819,4038,3988
3007,4166,3837,4037,3989
3008,4174,3829,4057,3969
3009,4163,3840,4057,3969
3010,4195,3808,4030,3996
3011,4231,3772,4053,3973
3012,4212,3791,4046,3980
3013,4232,3771,4063,3963
3014,4158,3845,4026,4000
3015,4194,3809,4030,3996
3016,4229,3774,4070,3956
3017,4152,3851,4041,3985
3018,4237,3766,4043,3983
3019,4167,3836,4053,3973
3020,4154,3849,4098,3928
3021,4229,3774,4111,3915
3022,4139,3864,4077,3949
3023,4150,3853,4037,3989
3024,4175,3828,4060,3966
3025,4207,3796,4057,3969
3026,4176,3827,4042,3984
3027,4188,3815,4086,3940
3028,4180,3823,4081,3945
3029,4216,3787,4073,3953
3030,4173,3830,4113,3913
3031,4141,3862,4110,3916
3032,4195,3808,4114,3912
3033,4223,3780,4073,3953
3034,4187,3816,4061,3965
3035,4177,3826,4056,3970
3036,4197,3806,4092,3934
3037,4187,3816,4110,3916
3038,4166,3837,4116,3910
3039,4168,3835,4064,3962
3040,4119,3884,4102,3924
3041,4187,3816,4075,3951
3042,4208,3795,4079,3947
3043,4167,3836,4050,3976
3044,4184,3819,4033,3993
3045,4174,3829,4072,3954
3046,4137,3866,4029,3997
3047,4173,3830,4073,3953
3048,4191,3812,4065,3961
3049,4220,3783,4041,3985
3050,4148,3855,4093,3933
3051,4229,3774,4081,3945
3052,4188,3815,4088,3938
3053,4198,3805,4037,3989
3054,4174,3829,4020,4006
3055,4171,3832,4103,3923
3056,4200,3803,4090,3936
3057,4216,3787,4030,3996
3058,4151,3852,4053,3973
3059,4237,3766,4090,3936
3060,4170,3833,4015,4011
3061,4167,3836,4050,3976
3062,4171,3832,4049,3977
3063,4198,3805,4058,3968
3064,4219,3784,4049,3977
3065,4204,3799,4061,3965
3066,4184,3819,4101,3925
3067,4195,3808,4046,3980
3068,4194,3809,4078,3948
3069,4198,3805,4002,4024
3070,4137,3866,4079,3947
3071,4163,3840,4056,3970
3072,4208,3795,4059,3967
3073,4163,3840,4059,3967
3074,4205,3798,4040,3986
3075,4162,3841,4082,3944
3076,4158,3845,4053,3973
3077,4166,3837,4090,3936
3078,4166,3837,4094,3932
3079,4177,3826,4052,3974
3080,4131,3872,4054,3972
3081,4168,3835,4013,4013
3082,4153,3850,4051,3975
3083,4203,3800,4059,3967
3084,4180,3823,4066,3960
3085,4187,3816,4055,3971
3086,4138,3865,4054,3972
3087,4130,3873,4065,3961
3088,4190,3813,4056,3970
3089,4251,3752,4029,3997
3090,4186,3817,4058,3968
3091,4211,3792,4068,3958
3092,4205,3798,4054,3972
3093,4181,3822,4037,3989
3094,4213,3790,4063,3963
3095,4173,3830,4067,3959
3096,4195,3808,4077,3949
3097,4149,3854,4071,3955
3098,4235,3768,4053,3973
3099,4157,3846,4049,3977
3100,4197,3806,4031,3995
3101,4214,3789,4030,3996
3102,4160,3843,4064,3962
3103,4202,3801,4049,3977
3104,4224,3779,4030,3996
3105,4174,3829,4037,3989
3106,4158,3845,4026,4000
3107,4204,3799,4041,3985
3108,4221,3782,4024,4002
3109,4214,3789,3992,4034
3110,4238,3765,3999,4027
3111,4186,3817,4044,3982
3112,4226,3777,4064,3962
3113,4153,3850,4009,4017
3114,4204,3799,4074,3952
3115,4169,3834,4005,4021
3116,4230,3773,4046,3980
3117,4216,3787,4084,3942
3118,4227,3776,4017,4009
3119,4186,3817,4053,3973
3120,4210,3793,4046,3980
3121,4228,3775,4095,3931
3122,4251,3752,4052,3974
3123,4153,3850,4038,3988
3124,4241,3762,4107,3919
3125,4183,3820,4025,4001
3126,4230,3773,4032,3994
3127,4206,3797,4044,3982
3128,4171,3832,4036,3990
3129,4208,3795,4033,3993
3130,4196,3807,4059,3967
3131,4177,3826,4085,3941
3132,4221,3782,4068,3958
3133,4223,3780,4029,3997
3134,4233,3770,4057,3969
3135,4208,3795,4078,3948
3136,4240,3763,4043,3983
3137,4248,3755,4064,3962
3138,4204,3799,4043,3983
3139,4216,3787,4022,4004
3140,4187,3816,4069,3957
3141,4220,3783,4081,3945
3142,4170,3833,4050,3976
3143,4185,3818,4075,3951
3144,4211,3792,4056,3970
3145,4243,3760,4076,3950
3146,4229,3774,4040,3986
3147,4218,3785,4078,3948
3148,4232,3771,4084,3942
3149,4198,3805,4070,3956
3150,4220,3783,4068,3958
3151,4196,3807,4061,3965
3152,4243,3760,4056,3970
3153,4210,3793,4053,3973
3154,4196,3807,4063,3963
3155,4244,3759,4020,4006
3156,4220,3783,4099,3927
3157,4147,3856,4042,3984
3158,4172,3831,4097,3929
3159,4212,3791,4077,3949
3160,4183,3820,4016,4010
3161,4184,3819,4069,3957
3162,4173,3830,4018,4008
3163,4189,3814,4101,3925
3164,4205,3798,4070,3956
3165,4171,3832,4044,3982
3166,4195,3808,4084,3942
3167,4204,3799,4048,3978
3168,4211,3792,4005,4021
3169,4190,3813,4071,3955
3170,4184,3819,4028,3998
3171,4156,3847,4081,3945
3172,4195,3808,4068,3958
3173,4222,3781,4012,4014
3174,4167,3836,4062,3964
3175,4221,3782,4058,3968
3176,4186,3817,4046,3980
3177,4163,3840,4069,3957
3178,4183,3820,4067,3959
3179,4189,3814,4022,4004
3180,4159,3844,4043,3983
3181,4180,3823,4078,3948
3182,4161,3842,4071,3955
3183,4158,3845,4029,3997
3184,4205,3798,4039,3987
3185,4180,3823,4058,3968
3186,4145,3858,4073,3953
3187,4210,3793,4065,3961
3188,4171,3832,4099,3927
3189,4195,3808,4041,3985
3190,4151,3852,4072,3954
3191,4201,3802,4034,3992
3192,4230,3773,4064,3962
3193,4168,3835,4038,3988
3194,4154,3849,4051,3975
3195,4206,3797,4022,4004
3196,4171,3832,4052,3974
3197,4187,3816,4051,3975
3198,4198,3805,4063,3963
3199,4185,3818,4051,3975
3200,4195,3808,4033,3993
3201,4157,3846,4096,3930
3202,4119,3884,4048,3978
3203,4169,3834,4060,3966
3204,4180,3823,4017,4009
3205,4195,3808,4056,3970
3206,4195,3808,4059,3967
3207,4174,3829,4080,3946
3208,4172,3831,4080,3946
3209,4237,3766,4109,3917
3210,4206,3797,4075,3951
3211,4192,3811,4071,3955
3212,4176,3827,4065,3961
3213,4177,3826,4078,3948
3214,4179,3824,4075,3951
3215,4186,3817,4021,4005
3216,4192,3811,4059,3967
3217,4200,3803,4104,3922
3218,4212,3791,4080,3946
3219,4210,3793,4092,3934
3220,4153,3850,4062,3964
3221,4160,3843,4040,3986
3222,4138,3865,4090,3936
3223,4183,3820,4081,3945
3224,4157,3846,4061,3965
3225,4229,3774,4091,3935
3226,4224,3779,4081,3945
3227,4188,3815,4064,3962
3228,4228,3775,4070,3956
3229,4198,3805,4045,3981
3230,4187,3816,4073,3953
3231,4165,3838,4071,3955
3232,4222,3781,4079,3947
3233,4203,3800,4079,3947
3234,4179,3824,4039,3987
3235,4219,3784,4028,3998
3236,4210,3793,4036,3990
3237,4196,3807,4053,3973
3238,4191,3812,4040,3986
3239,4197,3806,4065,3961
3240,4243,3760,4059,3967
3241,4236,3767,4068,3958
3242,4201,3802,4041,3985
3243,4183,3820,4076,3950
3244,4193,3810,4050,3976
3245,4191,3812,4018,4008
3246,4183,3820,4077,3949
3247,4176,3827,4028,3998
3248,4164,3839,4093,3933
3249,4210,3793,4017,4009
3250,4172,3831,4047,3979
3251,4163,3840,4066,3960
3252,4163,3840,4027,3999
3253,4185,3818,4075,3951
3254,4207,3796,4078,3948
3255,4152,3851,4049,3977
3256,4189,3814,4056,3970
3257,4188,3815,4004,4022
3258,4239,3764,4079,3947
3259,4197,3806,4086,3940
3260,4208,3795,4020,4006
3261,4207,3796,4009,4017
3262,4208,3795,4055,3971
3263,4201,3802,4049,3977
3264,4210,3793,4027,3999
3265,4240,3763,4040,3986
3266,4187,3816,4083,3943
3267,4130,3873,4063,3963
3268,4146,3857,4015,4011
3269,4150,3853,4031,3995
3270,4203,3800,4064,3962
3271,4224,3779,4096,3930
3272,4212,3791,4016,4010
3273,4175,3828,4028,3998
3274,4143,3860,3957,4069
3275,4189,3814,3999,4027
3276,4185,3818,4074,3952
3277,4161,3842,4045,3981
3278,4171,3832,4069,3957
3279,4128,3875,4078,3948
3280,4143,3860,4020,4006
3281,4205,3798,4046,3980
3282,4215,3788,4093,3933
3283,4197,3806,4043,3983
3284,4166,3837,4061,3965
3285,4202,3801,4057,3969
3286,4176,3827,4060,3966
3287,4206,3797,4067,3959
3288,4196,3807,4062,3964
3289,4215,3788,4072,3954
3290,4255,3748,4045,3981
3291,4159,3844,4053,3973
3292,4206,3797,4094,3932
3293,4176,3827,4043,3983
3294,4211,3792,4106,3920
3295,4225,3778,4048,3978
3296,4175,3828,4039,3987
3297,4181,3822,4090,3936
3298,4228,3775,4085,3941
3299,4221,3782,4056,3970
3300,4190,3813,4033,3993
3301,4154,3849,4070,3956
3302,4193,3810,4057,3969
3303,4212,3791,4073,3953
3304,4160,3843,4029,3997
3305,4194,3809,4046,3980
3306,4229,3774,4053,3973
3307,4174,3829,4056,3970
3308,4194,3809,4096,3930
3309,4197,3806,4112,3914
3310,4206,3797,4050,3976
3311,4234,3769,4062,3964
3312,4156,3847,4042,3984
3313,4176,3827,4054,3972
3314,4191,3812,4026,4000
3315,4180,3823,4051,3975
3316,4159,3844,4079,3947
3317,4193,3810,4056,3970
3318,4217,3786,4112,3914
3319,4172,3831,4042,3984
3320,4194,3809,4045,3981
3321,4193,3810,4061,3965
3322,4189,3814,4045,3981
3323,4200,3803,4082,3944
3324,4194,3809,4076,3950
3325,4176,3827,4053,3973
3326,4217,3786,4084,3942
3327,4231,3772,4076,3950
3328,4161,3842,4080,3946
3329,4148,3855,4065,3961
3330,4190,3813,4068,3958
3331,4190,3813,4060,3966
3332,4179,3824,4098,3928
3333,4189,3814,4100,3926
3334,4209,3794,4108,3918
3335,4200,3803,4063,3963
3336,4209,3794,4087,3939
3337,4159,3844,4096,3930
3338,4182,3821,4084,3942
3339,4171,3832,4061,3965
3340,4166,3837,4072,3954
3341,4179,3824,4021,4005
3342,4236,3767,4063,3963
3343,4140,3863,4072,3954
3344,4151,3852,4077,3949
3345,4187,3816,4099,3927
3346,4166,3837,4047,3979
3347,4152,3851,4094,3932
3348,4224,3779,4090,3936
3349,4179,3824,4055,3971
3350,4196,3807,4054,3972
3351,4213,3790,4043,3983
3352,4220,3783,4031,3995
3353,4231,3772,4089,3937
3354,4145,3858,4067,3959
3355,4188,3815,4100,3926
3356,4180,3823,4080,3946
3357,4189,3814,4087,3939
3358,4231,3772,4059,3967
3359,4188,3815,4062,3964
3360,4247,3756,4064,3962
3361,4217,3786,4046,3980
3362,4211,3792,4081,3945
3363,4219,3784,4116,3910
3364,4184,3819,4023,4003
3365,4248,3755,4051,3975
3366,4150,3853,4045,3981
3367,4177,3826,4070,3956
3368,4201,3802,4010,4016
3369,4203,3800,4084,3942
3370,4141,3862,4032,3994
3371,4228,3775,4057,3969
3372,4167,3836,4061,3965
3373,4211,3792,4043,3983
3374,4223,3780,4070,3956
3375,4197,3806,4036,3990
3376,4216,3787,4019,4007
3377,4211,3792,4078,3948
3378,4226,3777,4012,4014
3379,4219,3784,4082,3944
3380,4193,3810,4077,3949
3381,4243,3760,4103,3923
3382,4207,3796,4072,3954
3383,4223,3780,4035,3991
3384,4190,3813,4062,3964
3385,4180,3823,4089,3937
3386,4206,3797,4077,3949
3387,4207,3796,4109,3917
3388,4200,3803,4055,3971
3389,4195,3808,4058,3968
3390,4181,3822,4051,3975
3391,4176,3827,4064,3962
3392,4188,3815,4064,3962
3393,4212,3791,4084,3942
3394,4161,3842,4012,4014
3395,4185,3818,4071,3955
3396,4187,3816,4059,3967
3397,4189,3814,4038,3988
3398,4212,3791,4080,3946
3399,4178,3825,4078,3948
3400,4187,3816,4048,3978
3401,4209,3794,4039,3987
3402,4185,3818,4040,3986
3403,4223,3780,4065,3961
3404,4235,3768,4036,3990
3405,4199,3804,4087,3939
3406,4182,3821,4024,4002
3407,4189,3814,4069,3957
3408,4183,3820,4024,4002
3409,4197,3806,4044,3982
3410,4214,3789,4054,3972
3411,4187,3816,4067,3959
3412,4240,3763,4047,3979
3413,4147,3856,4020,4006
3414,4161,3842,4041,3985
3415,4192,3811,4072,3954
3416,4170,3833,4028,3998
3417,4172,3831,4037,3989
3418,4211,3792,4044,3982
3419,4193,3810,4071,3955
3420,4167,3836,4005,4021
3421,4175,3828,4118,3908
3422,4170,3833,4055,3971
3423,4172,3831,4060,3966
3424,4256,3747,4018,4008
3425,4209,3794,4058,3968
3426,4184,3819,3969,4057
3427,4213,3790,4054,3972
3428,4179,3824,4056,3970
3429,4261,3742,4023,4003
3430,4168,3835,4050,3976
3431,4213,3790,4042,3984
3432,4175,3828,4048,3978
3433,4191,3812,4041,3985
3434,4195,3808,4035,3991
3435,4183,3820,4032,3994
3436,4172,3831,4069,3957
3437,4211,3792,4057,3969
3438,4193,3810,4068,3958
3439,4200,3803,4052,3974
3440,4217,3786,4060,3966
3441,4197,3806,4039,3987
3442,4189,3814,4024,4002
3443,4175,3828,4071,3955
3444,4215,3788,4054,3972
3445,4206,3797,4051,3975
3446,4224,3779,4019,4007
3447,4198,3805,4002,4024
3448,4220,3783,4023,4003
3449,4208,3795,4011,4015
3450,4254,3749,3998,4028
3451,4157,3846,4065,3961
3452,4184,3819,4021,4005
3453,4196,3807,4001,4025
3454,4151,3852,4036,3990
3455,4189,3814,4033,3993
3456,4229,3774,4057,3969
3457,4126,3877,4008,4018
3458,4186,3817,4055,3971
3459,4203,3800,4041,3985
3460,4189,3814,4061,3965
3461,4169,3834,4043,3983
3462,4166,3837,4053,3973
3463,4250,3753,4066,3960
3464,4185,3818,4053,3973
3465,4183,3820,4056,3970
3466,4150,3853,4039,3987
3467,4192,3811,4056,3970
3468,4236,3767,4052,3974
3469,4265,3738,4070,3956
3470,4187,3816,4059,3967
3471,4202,3801,4033,3993
3472,4224,3779,4038,3988
3473,4171,3832,4001,4025
3474,4202,3801,4065,3961
3475,4169,3834,4076,3950
3476,4227,3776,4098,3928
3477,4195,3808,4070,3956
3478,4189,3814,4031,3995
3479,4162,3841,4062,3964
3480,4184,3819,4049,3977
3481,4148,3855,4051,3975
3482,4165,3838,4035,3991
3483,4202,3801,4040,3986
3484,4184,3819,4065,3961
3485,4187,3816,3983,4043
3486,4229,3774,4057,3969
3487,4159,3844,4041,3985
3488,4196,3807,4044,3982
3489,4177,3826,3996,4030
3490,4195,3808,4001,4025
3491,4167,3836,4057,3969
3492,4207,3796,4029,3997
3493,4170,3833,4041,3985
3494,4164,3839,4073,3953
3495,4154,3849,4055,3971
3496,4207,3796,4087,3939
3497,4167,3836,4048,3978
3498,4213,3790,4057,3969
3499,4175,3828,4035,3991
3500,4188,3815,4066,3960
3501,4217,3786,4062,3964
3502,4208,3795,4075,3951
3503,4199,3804,4051,3975
3504,4212,3791,4044,3982
3505,4179,3824,4056,3970
3506,4178,3825,4069,3957
3507,4198,3805,4015,4011
3508,4181,3822,3997,4029
3509,4163,3840,4069,3957
3510,4144,3859,4015,4011
3511,4206,3797,4046,3980
3512,4212,3791,4056,3970
3513,4164,3839,4005,4021
3514,4194,3809,4052,3974
3515,4208,3795,4024,4002
3516,4197,3806,4031,3995
3517,4183,3820,4048,3978
3518,4221,3782,4046,3980
3519,4195,3808,3998,4028
3520,4194,3809,3990,4036
3521,4234,3769,4061,3965
3522,4242,3761,4036,3990
3523,4227,3776,4047,3979
3524,4207,3796,4010,4016
3525,4218,3785,4077,3949
3526,4179,3824,4017,4009
3527,4191,3812,4015,4011
3528,4213,3790,4019,4007
3529,4201,3802,4037,3989
3530,4224,3779,4052,3974
3531,4235,3768,4028,3998
3532,4196,3807,4017,4009
3533,4209,3794,4041,3985
3534,4185,3818,4069,3957
3535,4226,3777,4072,3954
3536,4197,3806,4021,4005
3537,4211,3792,4028,3998
3538,4198,3805,4012,4014
3539,4192,3811,4036,3990
3540,4224,3779,4012,4014
3541,4227,3776,4032,3994
3542,4224,3779,4043,3983
3543,4182,3821,4032,3994
3544,4219,3784,4062,3964
3545,4230,3773,4054,3972
3546,4228,3775,4029,3997
3547,4227,3776,4033,3993
3548,4229,3774,4030,3996
3549,4272,3731,4046,3980
3550,4180,3823,4013,4013
3551,4271,3732,4033,3993
3552,4204,3799,4064,3962
3553,4221,3782,4074,3952
3554,4191,3812,4003,4023
3555,4259,3744,4058,3968
3556,4260,3743,4086,3940
3557,4212,3791,4037,3989
3558,4222,3781,4018,4008
3559,4211,3792,4007,4019
3560,4234,3769,4000,4026
3561,4203,3800,4010,4016
3562,4242,3761,4027,3999
3563,4215,3788,4019,4007
3564,4210,3793,4044,3982
3565,4195,3808,3988,4038
3566,4228,3775,4091,3935
3567,4197,3806,4009,4017
3568,4195,3808,3984,4042
3569,4262,3741,4025,4001
3570,4239,3764,4025,4001
3571,4207,3796,4024,4002
3572,4201,3802,4033,3993
3573,4202,3801,4024,4002
3574,4227,3776,4002,4024
3575,4240,3763,3995,4031
3576,4196,3807,4021,4005
3577,4213,3790,4004,4022
3578,4255,3748,4052,3974
3579,4252,3751,4039,3987
3580,4225,3778,4057,3969
3581,4244,3759,4056,3970
3582,4234,3769,4034,3992
3583,4246,3757,4017,4009
3584,4240,3763,4055,3971
3585,4209,3794,4052,3974
3586,4214,3789,4022,4004
3587,4223,3780,4009,4017
3588,4231,3772,4053,3973
3589,4228,3775,4038,3988
3590,4262,3741,4054,3972
3591,4192,3811,4059,3967
3592,4226,3777,4067,3959
3593,4212,3791,4030,3996
3594,4251,3752,4040,3986
3595,4206,3797,4087,3939
3596,4195,3808,4038,3988
3597,4175,3828,4075,3951
3598,4232,3771,4043,3983
3599,4201,3802,4029,3997
3600,4214,3789,4045,3981
3601,4183,3820,4000,4026
3602,4191,3812,4041,3985
3603,4185,3818,4060,3966
3604,4256,3747,4021,4005
3605,4197,3806,4032,3994
3606,4272,3731,4080,3946
3607,4201,3802,4078,3948
3608,4206,3797,4040,3986
3609,4218,3785,4040,3986
3610,4192,3811,4012,4014
3611,4224,3779,4042,3984
3612,4194,3809,3987,4039
3613,4191,3812,4043,3983
3614,4189,3814,4051,3975
3615,4191,3812,4046,3980
3616,4192,3811,4060,3966
3617,4174,3829,4014,4012
3618,4196,3807,4042,3984
3619,4206,3797,3997,4029
3620,4224,3779,4013,4013
3621,4191,3812,4028,3998
3622,4215,3788,4071,3955
3623,4172,3831,4019,4007
3624,4241,3762,4022,4004
3625,4216,3787,4032,3994
3626,4210,3793,4033,3993
3627,4187,3816,4041,3985
3628,4239,3764,4035,3991
3629,4203,3800,4041,3985
3630,4160,3843,4013,4013
3631,4207,3796,3995,4031
3632,4205,3798,4023,4003
3633,4201,3802,4017,4009
3634,4207,3796,4020,4006
3635,4270,3733,4023,4003
3636,4205,3798,4013,4013
3637,4246,3757,4026,4000
3638,4214,3789,4015,4011
3639,4176,3827,3999,4027
3640,4183,3820,4003,4023
3641,4189,3814,4028,3998
3642,4220,3783,4034,3992
3643,4202,3801,4000,4026
3644,4219,3784,4020,4006
3645,4221,3782,4036,3990
3646,4192,3811,4035,3991
3647,4221,3782,4033,3993
3648,4186,3817,4032,3994
3649,4230,3773,4027,3999
3650,4205,3798,3995,4031
3651,4238,3765,4076,3950
3652,4194,3809,4041,3985
3653,4205,3798,4025,4001
3654,4205,3798,4021,4005
3655,4238,3765,4035,3991
3656,4214,3789,4001,4025
3657,4203,3800,4056,3970
3658,4248,3755,4060,3966
3659,4212,3791,4050,3976
3660,4250,3753,4039,3987
3661,4256,3747,4032,3994
3662,4222,3781,4039,3987
3663,4248,3755,4019,4007
3664,4266,3737,3991,4035
3665,4252,3751,4075,3951
3666,4163,3840,4030,3996
3667,4190,3813,4014,4012
3668,4194,3809,4031,3995
3669,4181,3822,3981,4045
3670,4213,3790,4074,3952
3671,4224,3779,4041,3985
3672,4221,3782,4042,3984
3673,4241,3762,4023,4003
3674,4236,3767,4031,3995
3675,4243,3760,4029,3997
3676,4207,3796,4000,4026
3677,4227,3776,4009,4017
3678,4225,3778,4015,4011
3679,4226,3777,4049,3977
3680,4190,3813,4085,3941
3681,4238,3765,4039,3987
3682,4210,3793,4037,3989
3683,4212,3791,4027,3999
3684,4230,3773,4060,3966
3685,4211,3792,4057,3969
3686,4249,3754,4011,4015
3687,4257,3746,4020,4006
3688,4271,3732,4044,3982
3689,4225,3778,4012,4014
3690,4238,3765,4038,3988
3691,4198,3805,3997,4029
3692,4238,3765,4041,3985
3693,4177,3826,3985,4041
3694,4218,3785,4008,4018
3695,4220,3783,3993,4033
3696,4217,3786,4009,4017
3697,4213,3790,4030,3996
3698,4227,3776,4031,3995
3699,4239,3764,4039,3987
3700,4189,3814,4020,4006
3701,4217,3786,3974,4052
3702,4234,3769,4014,4012
3703,4258,3745,3995,4031
3704,4267,3736,4059,3967
3705,4221,3782,4023,4003
3706,4248,3755,4044,3982
3707,4218,3785,4048,3978
3708,4196,3807,4036,3990
3709,4227,3776,4057,3969
3710,4224,3779,4012,4014
3711,4247,3756,4031,3995
3712,4182,3821,3984,4042
3713,4231,3772,4017,4009
3714,4172,3831,3974,4052
3715,4218,3785,4001,4025
3716,4187,3816,3982,4044
3717,4267,3736,4043,3983
3718,4241,3762,4055,3971
3719,4236,3767,4021,4005
3720,4240,3763,4019,4007
3721,4213,3790,3997,4029
3722,4259,3744,4002,4024
3723,4222,3781,4028,3998
3724,4222,3781,4031,3995
3725,4230,3773,4039,3987
3726,4221,3782,4025,4001
3727,4213,3790,4000,4026
3728,4204,3799,3982,4044
3729,4232,3771,4040,3986
3730,4206,3797,4033,3993
3731,4205,3798,4029,3997
3732,4209,3794,4017,4009
3733,4202,3801,4030,3996
3734,4240,3763,4022,4004
3735,4192,3811,3979,4047
3736,4197,3806,3991,4035
3737,4244,3759,4020,4006
3738,4230,3773,4044,3982
3739,4205,3798,3980,4046
3740,4210,3793,4014,4012
3741,4245,3758,3997,4029
3742,4275,3728,4033,3993
3743,4183,3820,3996,4030
3744,4217,3786,4014,4012
3745,4236,3767,4068,3958
3746,4204,3799,4013,4013
3747,4221,3782,3989,4037
3748,4243,3760,4004,4022
3749,4230,3773,4027,3999
3750,4249,3754,4017,4009
3751,4216,3787,4067,3959
3752,4241,3762,4046,3980
3753,4206,3797,4032,3994
3754,4246,3757,4032,3994
3755,4210,3793,3988,4038
3756,4211,3792,4030,3996
3757,4265,3738,4045,3981
3758,4235,3768,4013,4013
3759,4250,3753,4008,4018
3760,4250,3753,4041,3985
3761,4237,3766,3971,4055
3762,4224,3779,4036,3990
3763,4200,3803,4015,4011
3764,4212,3791,4043,3983
3765,4211,3792,3985,4041
3766,4214,3789,4053,3973
3767,4248,3755,4024,4002
3768,4217,3786,4021,4005
3769,4215,3788,4013,4013
3770,4264,3739,3988,4038
3771,4222,3781,3982,4044
3772,4234,3769,3985,4041
3773,4191,3812,4014,4012
3774,4213,3790,4020,4006
3775,4194,3809,4014,4012
3776,4179,3824,4055,3971
3777,4170,3833,4000,4026
3778,4211,3792,3983,4043
3779,4201,3802,4058,3968
3780,4247,3756,4077,3949
3781,4184,3819,4043,3983
3782,4214,3789,4008,4018
3783,4200,3803,4028,3998
3784,4220,3783,4042,3984
3785,4240,3763,4015,4011
3786,4218,3785,4034,3992
3787,4210,3793,4035,3991
3788,4210,3793,3996,4030
3789,4233,3770,3971,4055
3790,4188,3815,4020,4006
3791,4212,3791,4052,3974
3792,4171,3832,4004,4022
3793,4234,3769,4019,4007
3794,4218,3785,4010,4016
3795,4210,3793,3979,4047
3796,4206,3797,3971,4055
3797,4214,3789,4019,4007
3798,4215,3788,4056,3970
3799,4232,3771,4049,3977
3800,4201,3802,3972,4054
3801,4213,3790,4001,4025
3802,4215,3788,4040,3986
3803,4236,3767,4035,3991
3804,4224,3779,4041,3985
3805,4180,3823,4038,3988
3806,4215,3788,4043,3983
3807,4229,3774,4061,3965
3808,4257,3746,4052,3974
3809,4258,3745,4026,4000
3810,4212,3791,4020,4006
3811,4183,3820,3981,4045
3812,4163,3840,4047,3979
3813,4210,3793,4041,3985
3814,4211,3792,4080,3946
3815,4199,3804,4054,3972
3816,4204,3799,4030,3996
3817,4207,3796,4026,4000
3818,4207,3796,4049,3977
3819,4173,3830,4060,3966
3820,4169,3834,4011,4015
3821,4189,3814,4027,3999
3822,4215,3788,4019,4007
3823,4202,3801,4017,4009
3824,4201,3802,4003,4023
3825,4212,3791,4058,3968
3826,4177,3826,4017,4009
3827,4198,3805,4034,3992
3828,4178,3825,4043,3983
3829,4225,3778,4015,4011
3830,4169,3834,3999,4027
3831,4233,3770,4018,4008
3832,4214,3789,4030,3996
3833,4222,3781,3990,4036
3834,4191,3812,4038,3988
3835,4209,3794,4014,4012
3836,4221,3782,4010,4016
3837,4209,3794,4012,4014
3838,4259,3744,4039,3987
3839,4193,3810,4015,4011
3840,4249,3754,4072,3954
3841,4266,3737,4020,4006
3842,4233,3770,4033,3993
3843,4206,3797,4038,3988
3844,4220,3783,4048,3978
3845,4226,3777,4014,4012
3846,4191,3812,4033,3993
3847,4246,3757,4070,3956
3848,4238,3765,4055,3971
3849,4222,3781,4050,3976
3850,4211,3792,4076,3950
3851,4228,3775,4042,3984
3852,4209,3794,4041,3985
3853,4200,3803,4046,3980
3854,4171,3832,4031,3995
3855,4229,3774,4031,3995
3856,4227,3776,4058,3968
3857,4186,3817,4042,3984
3858,4209,3794,4048,3978
3859,4218,3785,4056,3970
3860,4200,3803,3994,4032
3861,4215,3788,4027,3999
3862,4200,3803,4056,3970
3863,4210,3793,4056,3970
3864,4172,3831,4014,4012
3865,4125,3878,4051,3975
3866,4189,3814,4037,3989
3867,4218,3785,4011,4015
3868,4247,3756,4087,3939
3869,4205,3798,4057,3969
3870,4209,3794,4057,3969
3871,4201,3802,4025,4001
3872,4199,3804,4063,3963
3873,4207,3796,4069,3957
3874,4212,3791,4063,3963
3875,4205,3798,4017,4009
3876,4215,3788,4054,3972
3877,4158,3845,4037,3989
3878,4215,3788,4091,3935
3879,4205,3798,4098,3928
3880,4228,3775,4066,3960
3881,4222,3781,4010,4016
3882,4228,3775,4039,3987
3883,4250,3753,4005,4021
3884,4226,3777,4038,3988
3885,4227,3776,4017,4009
3886,4232,3771,4040,3986
3887,4224,3779,4030,3996
3888,4186,3817,4045,3981
3889,4226,3777,4025,4001
3890,4198,3805,4087,3939
3891,4202,3801,4055,3971
3892,4188,3815,3958,4068
3893,4220,3783,4055,3971
3894,4208,3795,4017,4009
3895,4194,3809,4014,4012
3896,4255,3748,4073,3953
3897,4222,3781,4026,4000
3898,4211,3792,4044,3982
3899,4183,3820,4036,3990
3900,4200,3803,4044,3982
3901,4164,3839,4014,4012
3902,4180,3823,3989,4037
3903,4204,3799,4014,4012
3904,4245,3758,4046,3980
3905,4202,3801,4040,3986
3906,4249,3754,4024,4002
3907,4194,3809,4051,3975
3908,4188,3815,4056,3970
3909,4210,3793,4061,3965
3910,4224,3779,4082,3944
3911,4208,3795,4044,3982
3912,4187,3816,4009,4017
3913,4233,3770,4033,3993
3914,4224,3779,4069,3957
3915,4228,3775,4074,3952
3916,4212,3791,4007,4019
3917,4240,3763,4041,3985
3918,4234,3769,4066,3960
3919,4195,3808,4042,3984
3920,4234,3769,4065,3961
3921,4234,3769,4078,3948
3922,4207,3796,4060,3966
3923,4206,3797,4066,3960
3924,4204,3799,4048,3978
3925,4206,3797,4055,3971
3926,4214,3789,4082,3944
3927,4162,3841,4038,3988
3928,4256,3747,4063,3963
3929,4169,3834,4037,3989
3930,4182,3821,4042,3984
3931,4203,3800,4080,3946
3932,4196,3807,4060,3966
3933,4203,3800,4036,3990
3934,4215,3788,4031,3995
3935,4191,3812,4028,3998
3936,4205,3798,4072,3954
3937,4170,3833,4036,3990
3938,4200,3803,4033,3993
3939,4161,3842,4069,3957
3940,4239,3764,4049,3977
3941,4192,3811,4028,3998
3942,4239,3764,4038,3988
3943,4190,3813,4063,3963
3944,4215,3788,4066,3960
3945,4171,3832,4022,4004
3946,4224,3779,4042,3984
3947,4164,3839,3991,4035
3948,4203,3800,4029,3997
3949,4205,3798,4083,3943
3950,4208,3795,4050,3976
3951,4208,3795,4018,4008
3952,4168,3835,4033,3993
3953,4203,3800,4036,3990
3954,4186,3817,4060,3966
3955,4237,3766,4069,3957
3956,4256,3747,4057,3969
3957,4164,3839,4068,3958
3958,4187,3816,4060,3966
3959,4200,3803,4055,3971
3960,4214,3789,4029,3997
3961,4205,3798,4046,3980
3962,4227,3776,4044,3982
3963,4220,3783,4019,4007
3964,4161,3842,4046,3980
3965,4201,3802,4066,3960
3966,4151,3852,4027,3999
3967,4189,3814,4012,4014
3968,4224,3779,4030,3996
3969,4211,3792,4040,3986
3970,4171,3832,4034,3992
3971,4172,3831,4062,3964
3972,4204,3799,4008,4018
3973,4193,3810,4031,3995
3974,4243,3760,4094,3932
3975,4196,3807,4059,3967
3976,4200,3803,4036,3990
3977,4208,3795,4028,3998
3978,4190,3813,4032,3994
3979,4186,3817,4044,3982
3980,4209,3794,4062,3964
3981,4152,3851,4038,3988
3982,4178,3825,4024,4002
3983,4171,3832,4057,3969
3984,4190,3813,4078,3948
3985,4219,3784,3988,4038
3986,4221,3782,4053,3973
3987,4169,3834,4035,3991
3988,4240,3763,4010,4016
3989,4166,3837,4057,3969
3990,4161,3842,4043,3983
3991,4160,3843,4056,3970
3992,4244,3759,4039,3987
3993,4169,3834,4035,3991
3994,4211,3792,4070,3956
3995,4171,3832,4036,3990
3996,4218,3785,4064,3962
3997,4216,3787,4039,3987
3998,4206,3797,4069,3957
3999,4180,3823,4045,3981
4000,4200,3803,4051,3975
4001,4204,3799,4063,3963
