,Time (Âµs),Radius (nm)
0,0.0,26.46467
1,0.01,26.518711
2,0.02,26.331472
3,0.03,26.34525
4,0.04,26.241983
5,0.05,26.07013
6,0.06,26.128992
7,0.07,25.771427
8,0.08,25.847004
9,0.09,25.705566
10,0.1,25.765835
11,0.11,25.671625
12,0.12,26.002304
13,0.13,25.653925
14,0.14,25.726511
15,0.15,25.649618
16,0.16,25.576786
17,0.17,25.40543
18,0.18,25.624454
19,0.19,25.674221
20,0.2,25.463762
21,0.21,25.459585
22,0.22,25.398098
23,0.23,25.471386
24,0.24,25.350182
25,0.25,25.346016
26,0.26,25.54198
27,0.27,25.360264
28,0.28,25.362267
29,0.29,25.459467
30,0.3,25.455448
31,0.31,25.44656
32,0.32,25.440212
33,0.33,25.420712
34,0.34,25.446354
35,0.35,25.561306
36,0.36,25.604282
37,0.37,25.43182
38,0.38,25.216879
39,0.39,25.429749
40,0.4,25.297258
41,0.41,25.526363
42,0.42,25.297602
43,0.43,25.426832
44,0.44,25.521778
45,0.45,25.629206
46,0.46,25.504421
47,0.47,25.523493
48,0.48,25.413776
49,0.49,25.440617
50,0.5,25.512754
51,0.51,25.336096
52,0.52,25.704855
53,0.53,25.552668
54,0.54,25.584995
55,0.55,25.596542
56,0.56,25.574888
57,0.57,25.57323
58,0.58,25.410002
59,0.59,25.368242
60,0.6,25.593754
61,0.61,25.731781
62,0.62,25.610437
63,0.63,25.517378
64,0.64,25.40255
65,0.65,25.638905
66,0.66,25.29163
67,0.67,25.32925
68,0.68,25.427708
69,0.69,25.46253
70,0.7,25.464916
71,0.71,25.630972
72,0.72,25.371246
73,0.73,25.169518
74,0.74,25.264095
75,0.75,25.272402
76,0.76,25.649166
77,0.77,25.528784
78,0.78,25.2969
79,0.79,25.380455
80,0.8,25.105341
81,0.81,25.300787
82,0.82,25.481468
83,0.83,25.164534
84,0.84,25.292759
85,0.85,25.137968
86,0.86,25.222801
87,0.87,25.33714
88,0.88,25.424358
89,0.89,25.51413
90,0.9,25.511227
91,0.91,25.40762
92,0.92,25.443184
93,0.93,25.318361
94,0.94,25.421339
95,0.95,25.478
96,0.96,25.46707
97,0.97,25.585064
98,0.98,25.245726
99,0.99,25.281979
100,1.0,25.418919
101,1.01,25.420887
102,1.02,25.322987
103,1.03,25.618824
104,1.04,25.486761
105,1.05,25.449093
106,1.06,25.038315
107,1.07,25.117428
108,1.08,25.235233
109,1.09,25.64949
110,1.1,25.333164
111,1.11,25.298798
112,1.12,25.152195
113,1.13,25.455055
114,1.14,25.340115
115,1.15,25.3965
116,1.16,25.382896
117,1.17,25.348013
118,1.18,25.41512
119,1.19,25.253023
120,1.2,25.12787
121,1.21,25.3392
122,1.22,25.50941
123,1.23,25.193172
124,1.24,25.222193
125,1.25,25.315596
126,1.26,25.242262
127,1.27,25.264015
128,1.28,25.476633
129,1.29,25.300514
130,1.3,25.348513
131,1.31,25.372965
132,1.32,25.533642
133,1.33,25.287846
134,1.34,25.269836
135,1.35,25.448257
136,1.36,25.269377
137,1.37,25.243643
138,1.38,25.332867
139,1.39,25.496687
140,1.4,25.158
141,1.41,25.37812
142,1.42,25.309914
143,1.43,25.395416
144,1.44,25.340563
145,1.45,25.291334
146,1.46,25.27764
147,1.47,25.240656
148,1.48,25.291063
149,1.49,25.212624
150,1.5,25.314411
151,1.51,25.129997
152,1.52,25.074306
153,1.53,25.302938
154,1.54,25.209396
155,1.55,25.207033
156,1.56,25.151718
157,1.57,25.132343
158,1.58,25.359776
159,1.59,25.211304
160,1.6,25.18165
161,1.61,25.1963
162,1.62,25.127
163,1.63,25.38954
164,1.64,25.316214
165,1.65,25.238895
166,1.66,25.327854
167,1.67,25.237793
168,1.68,25.43804
169,1.69,25.388111
170,1.7,25.193584
171,1.71,25.328032
172,1.72,25.308933
173,1.73,25.166616
174,1.74,25.172466
175,1.75,25.21847
176,1.76,25.30605
177,1.77,24.949718
178,1.78,25.27824
179,1.79,25.09287
180,1.8,25.159794
181,1.81,25.226828
182,1.82,25.129578
183,1.83,25.293228
184,1.84,25.277237
185,1.85,25.286917
186,1.86,25.2217
187,1.87,25.329155
188,1.88,25.362246
189,1.89,25.12896
190,1.9,25.239162
191,1.91,25.446232
192,1.92,25.08796
193,1.93,25.417646
194,1.94,25.320381
195,1.95,25.154673
196,1.96,25.11788
197,1.97,25.286404
198,1.98,25.265526
199,1.99,25.164019
200,2.0,25.13694
201,2.01,25.12803
202,2.02,25.23711
203,2.03,25.194963
204,2.04,25.263489
205,2.05,25.236269
206,2.06,25.342724
207,2.07,25.26958
208,2.08,25.034466
209,2.09,25.087225
210,2.1,25.232557
211,2.11,25.081257
212,2.12,24.931131
213,2.13,25.306408
214,2.14,25.218552
215,2.15,24.919847
216,2.16,25.025434
217,2.17,25.207478
218,2.18,25.13244
219,2.19,25.187029
220,2.2,25.238377
221,2.21,25.199316
222,2.22,25.308878
223,2.23,25.200115
224,2.24,25.347467
225,2.25,25.184528
226,2.26,25.050852
227,2.27,25.00909
228,2.28,25.214237
229,2.29,25.156342
230,2.3,25.271862
231,2.31,25.229694
232,2.32,25.104122
233,2.33,25.144499
234,2.34,25.182047
235,2.35,25.00719
236,2.36,25.115108
237,2.37,25.272999
238,2.38,25.105534
239,2.39,25.361738
240,2.4,25.330872
241,2.41,25.445728
242,2.42,24.93495
243,2.43,24.983688
244,2.44,24.878448
245,2.45,25.12447
246,2.46,24.945265
247,2.47,25.202261
248,2.48,25.053375
249,2.49,25.33485
250,2.5,25.235806
251,2.51,25.06802
252,2.52,25.110775
253,2.53,25.182953
254,2.54,25.249598
255,2.55,25.159761
256,2.56,25.072102
257,2.57,24.879036
258,2.58,24.901983
259,2.59,25.05247
260,2.6,25.031506
261,2.61,25.11275
262,2.62,25.431946
263,2.63,25.2942
264,2.64,25.18829
265,2.65,24.916895
266,2.66,25.417673
267,2.67,25.089476
268,2.68,25.02239
269,2.69,25.305416
270,2.7,25.06606
271,2.71,25.082726
272,2.72,25.277407
273,2.73,25.063473
274,2.74,25.083096
275,2.75,24.940762
276,2.76,25.063269
277,2.77,25.16393
278,2.78,25.13793
279,2.79,25.090895
280,2.8,24.990383
281,2.81,25.183565
282,2.82,25.096937
283,2.83,25.145054
284,2.84,25.207874
285,2.85,25.13151
286,2.86,24.98632
287,2.87,25.312756
288,2.88,25.153934
289,2.89,24.991423
290,2.9,25.147926
291,2.91,25.247545
292,2.92,25.074535
293,2.93,25.131989
294,2.94,25.135967
295,2.95,24.957394
296,2.96,24.99177
297,2.97,25.258585
298,2.98,25.242666
299,2.99,25.18256
300,3.0,25.13482
301,3.01,25.088337
302,3.02,25.233631
303,3.03,24.84335
304,3.04,25.040768
305,3.05,25.295713
306,3.06,25.310207
307,3.07,24.93861
308,3.08,24.840885
309,3.09,25.104628
310,3.1,25.160273
311,3.11,24.995407
312,3.12,25.112373
313,3.13,25.001179
314,3.14,25.17402
315,3.15,24.99421
316,3.16,24.930803
317,3.17,25.136175
318,3.18,24.884249
319,3.19,24.982834
320,3.2,25.126137
321,3.21,25.13897
322,3.22,24.914963
323,3.23,25.180204
324,3.24,25.155354
325,3.25,24.984898
326,3.26,25.2502
327,3.27,25.119051
328,3.28,25.23089
329,3.29,25.094925
330,3.3,24.995104
331,3.31,25.166916
332,3.32,24.951923
333,3.33,25.098808
334,3.34,25.23298
335,3.35,25.156876
336,3.36,24.96502
337,3.37,25.278301
338,3.38,25.267147
339,3.39,25.10188
340,3.4,25.302752
341,3.41,25.052084
342,3.42,24.944149
343,3.43,24.952442
344,3.44,24.954552
345,3.45,25.127712
346,3.46,24.96151
347,3.47,25.321238
348,3.48,25.111935
349,3.49,25.256184
350,3.5,25.168964
351,3.51,25.110367
352,3.52,24.831808
353,3.53,25.160397
354,3.54,24.981436
355,3.55,25.0974
356,3.56,24.980206
357,3.57,24.99487
358,3.58,25.217678
359,3.59,24.912226
360,3.6,24.781887
361,3.61,24.894241
362,3.62,24.872917
363,3.63,25.112411
364,3.64,25.14847
365,3.65,25.088285
366,3.66,25.094925
367,3.67,25.0242
368,3.68,24.969975
369,3.69,25.00469
370,3.7,25.004509
371,3.71,24.989088
372,3.72,25.045664
373,3.73,25.062222
374,3.74,25.092573
375,3.75,25.08323
376,3.76,25.130217
377,3.77,25.1974
378,3.78,25.061085
379,3.79,25.062666
380,3.8,24.89695
381,3.81,25.202497
382,3.82,25.170017
383,3.83,24.954515
384,3.84,25.047497
385,3.85,24.856663
386,3.86,25.051418
387,3.87,24.87428
388,3.88,25.119732
389,3.89,25.066488
390,3.9,24.981833
391,3.91,24.917103
392,3.92,25.035973
393,3.93,25.18055
394,3.94,25.114038
395,3.95,25.102886
396,3.96,24.817013
397,3.97,24.894009
398,3.98,24.779913
399,3.99,25.066822
400,4.0,24.905624
401,4.01,25.090485
402,4.02,24.967258
403,4.03,24.735806
404,4.04,24.954044
405,4.05,25.190945
406,4.06,25.154835
407,4.07,24.983646
408,4.08,25.14478
409,4.09,25.061668
410,4.1,25.100466
411,4.11,25.099304
412,4.12,24.942709
413,4.13,25.047075
414,4.14,24.847567
415,4.15,24.786127
416,4.16,25.097664
417,4.17,25.001556
418,4.18,25.071606
419,4.19,24.86332
420,4.2,25.14933
421,4.21,25.01785
422,4.22,24.966349
423,4.23,24.878246
424,4.24,24.848614
425,4.25,24.948004
426,4.26,25.327324
427,4.27,24.952501
428,4.28,25.037207
429,4.29,25.130959
430,4.3,25.189932
431,4.31,25.174128
432,4.32,24.965504
433,4.33,25.014082
434,4.34,25.297274
435,4.35,25.285559
436,4.36,25.099005
437,4.37,24.842834
438,4.38,24.879192
439,4.39,25.11277
440,4.4,24.994324
441,4.41,25.00709
442,4.42,25.137821
443,4.43,24.98206
444,4.44,25.001305
445,4.45,25.134586
446,4.46,24.996574
447,4.47,25.089968
448,4.48,24.995281
449,4.49,25.295212
450,4.5,24.96098
451,4.51,25.073313
452,4.52,25.202015
453,4.53,24.976683
454,4.54,24.90801
455,4.55,24.982206
456,4.56,24.824223
457,4.57,25.106297
458,4.58,25.148006
459,4.59,24.950886
460,4.6,25.07388
461,4.61,24.90025
462,4.62,25.189392
463,4.63,24.90819
464,4.64,24.84948
465,4.65,24.918669
466,4.66,24.681942
467,4.67,24.961784
468,4.68,25.02798
469,4.69,25.125837
470,4.7,24.899834
471,4.71,24.94012
472,4.72,25.044546
473,4.73,24.95406
474,4.74,25.114819
475,4.75,25.054182
476,4.76,24.936014
477,4.77,24.817394
478,4.78,24.972528
479,4.79,25.023266
480,4.8,24.910946
481,4.81,25.178524
482,4.82,25.09548
483,4.83,25.100487
484,4.84,25.016468
485,4.85,24.829147
486,4.86,25.022968
487,4.87,25.005266
488,4.88,24.941698
489,4.89,24.799963
490,4.9,24.890585
491,4.91,25.067686
492,4.92,25.062153
493,4.93,24.910368
494,4.94,24.850231
495,4.95,24.991367
496,4.96,24.95573
497,4.97,25.007654
498,4.98,25.08095
499,4.99,25.06596
500,5.0,24.869452
501,5.01,24.738165
502,5.02,24.844782
503,5.03,25.110579
504,5.04,24.806364
505,5.05,25.138962
506,5.06,25.17139
507,5.07,24.791199
508,5.08,24.929754
509,5.09,25.028727
510,5.1,25.133223
511,5.11,25.030018
512,5.12,24.595417
513,5.13,24.553972
514,5.14,24.844374
515,5.15,25.123251
516,5.16,24.945593
517,5.17,24.943365
518,5.18,24.935001
519,5.19,25.069427
520,5.2,25.182652
521,5.21,25.03239
522,5.22,25.01768
523,5.23,24.692467
524,5.24,24.947178
525,5.25,24.91544
526,5.26,24.952108
527,5.27,24.99172
528,5.28,25.255894
529,5.29,25.176708
530,5.3,24.720043
531,5.31,24.911884
532,5.32,24.912205
533,5.33,24.818462
534,5.34,24.969753
535,5.35,24.918707
536,5.36,24.99144
537,5.37,24.88803
538,5.38,24.881601
539,5.39,25.196291
540,5.4,24.781574
541,5.41,25.23479
542,5.42,24.924381
543,5.43,24.910496
544,5.44,24.625797
545,5.45,24.697275
546,5.46,24.589985
547,5.47,24.794266
548,5.48,24.923065
549,5.49,24.738895
550,5.5,24.830593
551,5.51,24.577806
552,5.52,25.024288
553,5.53,24.92478
554,5.54,24.674011
555,5.55,24.871847
556,5.56,24.972958
557,5.57,24.98978
558,5.58,24.903385
559,5.59,24.97373
560,5.6,24.93729
561,5.61,24.844898
562,5.62,24.723326
563,5.63,24.875448
564,5.64,25.033237
565,5.65,24.972103
566,5.66,25.25756
567,5.67,25.219995
568,5.68,25.01896
569,5.69,24.970219
570,5.7,24.8981
571,5.71,24.946428
572,5.72,25.016087
573,5.73,25.08569
574,5.74,24.96538
575,5.75,25.010235
576,5.76,25.291992
577,5.77,25.137613
578,5.78,24.684296
579,5.79,24.789488
580,5.8,25.071001
581,5.81,24.755146
582,5.82,24.909458
583,5.83,24.97951
584,5.84,24.606623
585,5.85,24.857075
586,5.86,24.718857
587,5.87,24.74664
588,5.88,25.130423
589,5.89,24.989857
590,5.9,24.974628
591,5.91,24.741158
592,5.92,24.647966
593,5.93,24.661184
594,5.94,24.834774
595,5.95,24.688353
596,5.96,24.72045
597,5.97,24.787697
598,5.98,24.820627
599,5.99,25.038763
600,6.0,24.888805
601,6.01,25.079952
602,6.02,25.154932
603,6.03,24.814045
604,6.04,24.984533
605,6.05,24.732937
606,6.06,24.996979
607,6.07,24.96598
608,6.08,24.939943
609,6.09,25.01842
610,6.1,24.945744
611,6.11,24.944332
612,6.12,24.832067
613,6.13,24.888897
614,6.14,24.66058
615,6.15,24.687204
616,6.16,24.604984
617,6.17,24.62143
618,6.18,24.713383
619,6.19,24.777367
620,6.2,24.838037
621,6.21,24.790075
622,6.22,25.14286
623,6.23,24.75517
624,6.24,24.681671
625,6.25,24.704777
626,6.26,24.841192
627,6.27,25.019173
628,6.28,25.124203
629,6.29,24.936478
630,6.3,24.858776
631,6.31,24.973513
632,6.32,24.759953
633,6.33,24.756014
634,6.34,24.777481
635,6.35,25.022163
636,6.36,24.94986
637,6.37,25.10738
638,6.38,24.876867
639,6.39,25.02852
640,6.4,24.763882
641,6.41,25.047535
642,6.42,24.962666
643,6.43,25.177626
644,6.44,24.896679
645,6.45,24.7233
646,6.46,24.774805
647,6.47,24.853212
648,6.48,24.6722
649,6.49,24.661657
650,6.5,24.77866
651,6.51,25.037659
652,6.52,24.880428
653,6.53,25.061634
654,6.54,24.843037
655,6.55,24.805134
656,6.56,25.025288
657,6.57,24.914303
658,6.58,25.027727
659,6.59,24.945156
660,6.6,24.852097
661,6.61,25.186718
662,6.62,24.663292
663,6.63,24.562443
664,6.64,24.752386
665,6.65,24.576176
666,6.66,24.915676
667,6.67,24.630892
668,6.68,25.033943
669,6.69,25.011263
670,6.7,25.07955
671,6.71,24.602562
672,6.72,24.543652
673,6.73,24.85263
674,6.74,24.7688
675,6.75,24.817003
676,6.76,25.004501
677,6.77,24.867964
678,6.78,24.984118
679,6.79,24.763182
680,6.8,25.020056
681,6.81,24.791908
682,6.82,24.875385
683,6.83,24.756481
684,6.84,24.872063
685,6.85,24.786541
686,6.86,24.992037
687,6.87,24.919888
688,6.88,24.947338
689,6.89,24.762753
690,6.9,24.814003
691,6.91,24.791914
692,6.92,24.943949
693,6.93,24.87514
694,6.94,24.897707
695,6.95,24.848015
696,6.96,24.623913
697,6.97,24.883072
698,6.98,24.73755
699,6.99,24.882587
700,7.0,24.774136
701,7.01,24.738811
702,7.02,24.925901
703,7.03,24.809958
704,7.04,24.771393
705,7.05,24.927044
706,7.06,24.833776
707,7.07,24.930264
708,7.08,25.063042
709,7.09,25.249104
710,7.1,24.843763
711,7.11,24.974787
712,7.12,25.093887
713,7.13,24.845165
714,7.14,24.65966
715,7.15,24.733545
716,7.16,25.012905
717,7.17,24.729218
718,7.18,24.741076
719,7.19,24.603548
720,7.2,24.819944
721,7.21,25.016058
722,7.22,24.812832
723,7.23,25.005917
724,7.24,25.167343
725,7.25,24.853857
726,7.26,24.779118
727,7.27,24.866093
728,7.28,24.830198
729,7.29,25.020382
730,7.3,24.938046
731,7.31,24.728773
732,7.32,24.793436
733,7.33,25.012026
734,7.34,24.708403
735,7.35,24.83819
736,7.36,24.75808
737,7.37,24.759434
738,7.38,24.680607
739,7.39,24.747383
740,7.4,24.849754
741,7.41,24.766836
742,7.42,24.617134
743,7.43,24.948011
744,7.44,24.602383
745,7.45,24.748169
746,7.46,25.0183
747,7.47,24.954205
748,7.48,24.63776
749,7.49,24.850126
750,7.5,24.770077
751,7.51,24.742472
752,7.52,24.753849
753,7.53,24.69641
754,7.54,24.86886
755,7.55,24.58251
756,7.56,24.689472
757,7.57,24.806282
758,7.58,24.704863
759,7.59,25.022905
760,7.6,24.70213
761,7.61,24.71127
762,7.62,24.581417
763,7.63,24.465803
764,7.64,24.509151
765,7.65,24.522617
766,7.66,24.46316
767,7.67,24.233246
768,7.68,24.36808
769,7.69,24.761524
770,7.7,24.617683
771,7.71,24.810995
772,7.72,25.024912
773,7.73,24.909777
774,7.74,24.675335
775,7.75,24.521244
776,7.76,24.558994
777,7.77,24.683743
778,7.78,24.98118
779,7.79,24.819204
780,7.8,24.73573
781,7.81,24.832804
782,7.82,24.7316
783,7.83,24.50043
784,7.84,24.558083
785,7.85,24.846218
786,7.86,24.831633
787,7.87,24.96747
788,7.88,24.851236
789,7.89,24.80785
790,7.9,24.83061
791,7.91,24.636887
792,7.92,24.871311
793,7.93,24.621166
794,7.94,24.88262
795,7.95,24.54211
796,7.96,24.608128
797,7.97,24.586576
798,7.98,24.59884
799,7.99,24.570812
800,8.0,24.589397
801,8.01,24.694332
802,8.02,24.79296
803,8.03,24.863392
804,8.04,24.925571
805,8.05,24.596079
806,8.06,24.650366
807,8.07,24.490932
808,8.08,24.475712
809,8.09,24.476152
810,8.1,24.668499
811,8.11,24.603153
812,8.12,24.696606
813,8.13,24.490168
814,8.14,24.338243
815,8.15,24.596855
816,8.16,24.525633
817,8.17,24.839706
818,8.18,24.739513
819,8.19,24.681885
820,8.2,24.778234
821,8.21,24.748587
822,8.22,25.036968
823,8.23,24.703367
824,8.24,24.435482
825,8.25,24.593288
826,8.26,24.848291
827,8.27,24.970928
828,8.28,25.014029
829,8.29,24.760733
830,8.3,24.720957
831,8.31,24.737255
832,8.32,24.510342
833,8.33,24.657524
834,8.34,24.754436
835,8.35,24.704998
836,8.36,24.861263
837,8.37,24.919249
838,8.38,24.553612
839,8.39,24.78672
840,8.4,24.714174
841,8.41,25.016214
842,8.42,24.697691
843,8.43,24.523994
844,8.44,24.380571
845,8.45,25.091574
846,8.46,24.925236
847,8.47,24.52818
848,8.48,24.77768
849,8.49,25.003296
850,8.5,24.691284
851,8.51,24.513401
852,8.52,24.75264
853,8.53,24.774372
854,8.54,24.91315
855,8.55,24.960728
856,8.56,24.625916
857,8.57,24.787798
858,8.58,24.825993
859,8.59,24.874624
860,8.6,24.5891
861,8.61,24.697577
862,8.62,24.746494
863,8.63,24.786018
864,8.64,24.827513
865,8.65,24.570362
866,8.66,24.528803
867,8.67,24.523209
868,8.68,24.783213
869,8.69,24.793549
870,8.7,24.712582
871,8.71,24.862818
872,8.72,24.717976
873,8.73,24.972355
874,8.74,25.176517
875,8.75,25.049536
876,8.76,24.711273
877,8.77,24.652205
878,8.78,25.135197
879,8.79,25.180235
880,8.8,25.404692
881,8.81,24.736538
882,8.82,24.663195
883,8.83,24.847664
884,8.84,24.954355
885,8.85,24.85698
886,8.86,24.796501
887,8.87,24.615002
888,8.88,24.602962
889,8.89,24.55366
890,8.9,24.28642
891,8.91,24.604603
892,8.92,24.93499
893,8.93,25.099264
894,8.94,24.941946
895,8.95,24.792234
896,8.96,24.67381
897,8.97,24.469513
898,8.98,24.349363
899,8.99,24.53556
900,9.0,24.852142
901,9.01,24.652184
902,9.02,24.743473
903,9.03,24.92381
904,9.04,25.04617
905,9.05,24.8683
906,9.06,24.655344
907,9.07,24.544516
908,9.08,24.813929
909,9.09,24.512098
910,9.1,24.476446
911,9.11,24.309795
912,9.12,24.37498
913,9.13,24.386538
914,9.14,24.349035
915,9.15,24.620306
916,9.16,24.709332
917,9.17,24.856945
918,9.18,24.868866
919,9.19,25.00111
920,9.2,24.850407
921,9.21,24.93774
922,9.22,24.873903
923,9.23,24.660816
924,9.24,24.384712
925,9.25,24.624228
926,9.26,24.606274
927,9.27,24.370777
928,9.28,24.651613
929,9.29,24.759924
930,9.3,24.678751
931,9.31,24.775158
932,9.32,24.830502
933,9.33,24.576334
934,9.34,24.82708
935,9.35,24.931576
936,9.36,25.150417
937,9.37,25.071375
938,9.38,25.079918
939,9.39,25.078428
940,9.4,24.997532
941,9.41,24.865124
942,9.42,24.623554
943,9.43,24.726698
944,9.44,24.417196
945,9.45,24.698282
946,9.46,24.676497
947,9.47,24.83235
948,9.48,24.699284
949,9.49,24.685154
950,9.5,24.369139
951,9.51,24.448132
952,9.52,24.685207
953,9.53,24.284142
954,9.54,24.381645
955,9.55,24.51623
956,9.56,24.783314
957,9.57,24.584661
958,9.58,24.484627
959,9.59,24.459908
960,9.6,24.713104
961,9.61,24.562637
962,9.62,24.489368
963,9.63,24.686024
964,9.64,24.693441
965,9.65,24.521029
966,9.66,24.414686
967,9.67,24.50808
968,9.68,24.50428
969,9.69,24.515856
970,9.7,24.877884
971,9.71,24.973858
972,9.72,24.867298
973,9.73,24.60622
974,9.74,24.90121
975,9.75,24.38248
976,9.76,24.57555
977,9.77,24.925608
978,9.78,24.83558
979,9.79,24.634716
980,9.8,24.632027
981,9.81,24.539198
982,9.82,24.893017
983,9.83,24.82519
984,9.84,24.930954
985,9.85,24.602247
986,9.86,24.45902
987,9.87,24.264492
988,9.88,24.366236
989,9.89,24.3953
990,9.9,24.7373
991,9.91,24.798367
992,9.92,24.786976
993,9.93,24.680126
994,9.94,24.784264
995,9.95,24.6432
996,9.96,24.476826
997,9.97,24.482792
998,9.98,24.351036
999,9.99,24.414587
1000,10.0,24.67797
1001,10.01,25.019915
1002,10.02,24.827364
1003,10.03,24.832457
1004,10.04,24.685953
1005,10.05,24.863024
1006,10.06,24.953999
1007,10.07,24.720083
1008,10.08,24.843334
1009,10.09,24.584272
1010,10.1,24.881344
1011,10.11,24.732819
1012,10.12,24.475103
1013,10.13,24.37141
1014,10.14,24.491276
1015,10.15,24.674284
1016,10.16,24.486591
1017,10.17,24.719976
1018,10.18,24.59428
1019,10.19,24.676619
1020,10.2,24.743109
1021,10.21,24.636723
1022,10.22,24.439312
1023,10.23,24.204647
1024,10.24,24.539473
1025,10.25,24.492998
1026,10.26,24.451859
1027,10.27,25.035542
1028,10.28,24.945976
1029,10.29,24.842396
1030,10.3,25.011166
1031,10.31,24.696371
1032,10.32,24.565771
1033,10.33,24.589117
1034,10.34,25.01265
1035,10.35,24.88667
1036,10.36,24.943026
1037,10.37,24.947765
1038,10.38,24.70166
1039,10.39,24.598032
1040,10.4,24.627508
1041,10.41,24.737953
1042,10.42,24.805971
1043,10.43,24.8464
1044,10.44,24.981525
1045,10.45,24.757032
1046,10.46,24.788898
1047,10.47,24.607983
1048,10.48,24.452633
1049,10.49,24.644693
1050,10.5,24.580677
1051,10.51,25.04044
1052,10.52,24.94117
1053,10.53,24.911457
1054,10.54,24.580666
1055,10.55,24.466492
1056,10.56,24.62566
1057,10.57,24.835094
1058,10.58,24.832493
1059,10.59,24.564693
1060,10.6,24.487684
1061,10.61,24.350292
1062,10.62,24.655203
1063,10.63,24.663124
1064,10.64,24.637266
1065,10.65,24.657791
1066,10.66,24.42292
1067,10.67,24.62801
1068,10.68,24.5949
1069,10.69,24.679218
1070,10.7,24.886715
1071,10.71,24.861345
1072,10.72,24.65994
1073,10.73,24.63
1074,10.74,24.956789
1075,10.75,24.741032
1076,10.76,24.469019
1077,10.77,24.730972
1078,10.78,24.521576
1079,10.79,24.610928
1080,10.8,24.648275
1081,10.81,25.03062
1082,10.82,25.064959
1083,10.83,24.91232
1084,10.84,24.887463
1085,10.85,24.78342
1086,10.86,24.658092
1087,10.87,24.597351
1088,10.88,24.582724
1089,10.89,24.466293
1090,10.9,24.156483
1091,10.91,24.212032
1092,10.92,24.467068
1093,10.93,24.286087
1094,10.94,24.63419
1095,10.95,24.140518
1096,10.96,24.187212
1097,10.97,24.3933
1098,10.98,24.41354
1099,10.99,24.457258
1100,11.0,24.78761
1101,11.01,24.708061
1102,11.02,24.78204
1103,11.03,24.613262
1104,11.04,24.65211
1105,11.05,24.888882
1106,11.06,24.520876
1107,11.07,24.557215
1108,11.08,24.510714
1109,11.09,24.743357
1110,11.1,24.951382
1111,11.11,25.108936
1112,11.12,24.449747
1113,11.13,24.684261
1114,11.14,24.403196
1115,11.15,24.650192
1116,11.16,24.57197
1117,11.17,24.201153
1118,11.18,24.59156
1119,11.19,24.68929
1120,11.2,24.38159
1121,11.21,24.387707
1122,11.22,24.51501
1123,11.23,24.594095
1124,11.24,24.71978
1125,11.25,24.692991
1126,11.26,24.857357
1127,11.27,24.507847
1128,11.28,24.308863
1129,11.29,24.30781
1130,11.3,24.180439
1131,11.31,24.334087
1132,11.32,24.50063
1133,11.33,24.672573
1134,11.34,24.595531
1135,11.35,24.607937
1136,11.36,24.880138
1137,11.37,24.552639
1138,11.38,24.621271
1139,11.39,24.462282
1140,11.4,24.374016
1141,11.41,24.804394
1142,11.42,24.336496
1143,11.43,24.57292
1144,11.44,24.466883
1145,11.45,24.390942
1146,11.46,24.203491
1147,11.47,24.648401
1148,11.48,24.712006
1149,11.49,25.078714
1150,11.5,24.559381
1151,11.51,24.552391
1152,11.52,24.084026
1153,11.53,24.100937
1154,11.54,24.295702
1155,11.55,24.424366
1156,11.56,24.339706
1157,11.57,24.521593
1158,11.58,24.597378
1159,11.59,24.834017
1160,11.6,24.902704
1161,11.61,24.572687
1162,11.62,24.500797
1163,11.63,24.552036
1164,11.64,24.46297
1165,11.65,24.344236
1166,11.66,24.388134
1167,11.67,24.442995
1168,11.68,24.262167
1169,11.69,24.468596
1170,11.7,24.754269
1171,11.71,24.822382
1172,11.72,24.976627
1173,11.73,24.814108
1174,11.74,24.818779
1175,11.75,24.749836
1176,11.76,24.496155
1177,11.77,24.457355
1178,11.78,24.313845
1179,11.79,24.445824
1180,11.8,24.775396
1181,11.81,24.715122
1182,11.82,24.6063
1183,11.83,24.496647
1184,11.84,24.483213
1185,11.85,24.317682
1186,11.86,24.505468
1187,11.87,24.738882
1188,11.88,24.577559
1189,11.89,24.637999
1190,11.9,24.687672
1191,11.91,24.793919
1192,11.92,24.597261
1193,11.93,24.42002
1194,11.94,24.328337
1195,11.95,24.290857
1196,11.96,24.375128
1197,11.97,24.118898
1198,11.98,24.417261
1199,11.99,24.657993
1200,12.0,24.23334
1201,12.01,24.368954
1202,12.02,24.812836
1203,12.03,24.696857
1204,12.04,24.437212
1205,12.05,24.465755
1206,12.06,24.585352
1207,12.07,24.542067
1208,12.08,24.443415
1209,12.09,24.71415
1210,12.1,24.752235
1211,12.11,24.729979
1212,12.12,24.765055
1213,12.13,24.855808
1214,12.14,24.750736
1215,12.15,24.64207
1216,12.16,24.684704
1217,12.17,24.71436
1218,12.18,25.085613
1219,12.19,25.11668
1220,12.2,25.121258
1221,12.21,25.318317
1222,12.22,24.981895
1223,12.23,24.859705
1224,12.24,24.741531
1225,12.25,24.897839
1226,12.26,24.399311
1227,12.27,24.0813
1228,12.28,24.18843
1229,12.29,24.359838
1230,12.3,24.685617
1231,12.31,24.912594
1232,12.32,24.735172
1233,12.33,24.639362
1234,12.34,24.648092
1235,12.35,24.201902
1236,12.36,24.233662
1237,12.37,23.911257
1238,12.38,24.019434
1239,12.39,24.294613
1240,12.4,24.414272
1241,12.41,24.488293
1242,12.42,24.741947
1243,12.43,24.809423
1244,12.44,24.420631
1245,12.45,24.156843
1246,12.46,24.412851
1247,12.47,24.839787
1248,12.48,24.738544
1249,12.49,25.064291
1250,12.5,24.721975
1251,12.51,24.692162
1252,12.52,24.69862
1253,12.53,24.66212
1254,12.54,24.765652
1255,12.55,24.633995
1256,12.56,24.436384
1257,12.57,24.569431
1258,12.58,24.495272
1259,12.59,24.482174
1260,12.6,24.670498
1261,12.61,24.932838
1262,12.62,24.914948
1263,12.63,25.123623
1264,12.64,25.075827
1265,12.65,25.11377
1266,12.66,25.089436
1267,12.67,24.987713
1268,12.68,24.756676
1269,12.69,25.032328
1270,12.7,24.60224
1271,12.71,24.792164
1272,12.72,24.852697
1273,12.73,24.727009
1274,12.74,24.818424
1275,12.75,24.75612
1276,12.76,24.50745
1277,12.77,24.218994
1278,12.78,24.490225
1279,12.79,24.160343
1280,12.8,24.451714
1281,12.81,24.412674
1282,12.82,24.186853
1283,12.83,24.022232
1284,12.84,24.095514
1285,12.85,24.418982
1286,12.86,24.723284
1287,12.87,24.804676
1288,12.88,24.775671
1289,12.89,24.49212
1290,12.9,24.237514
1291,12.91,24.501385
1292,12.92,24.670055
1293,12.93,24.806993
1294,12.94,24.552822
1295,12.95,24.435215
1296,12.96,24.226704
1297,12.97,24.244055
1298,12.98,24.561892
1299,12.99,24.459671
1300,13.0,24.654316
1301,13.01,24.429384
1302,13.02,24.949215
1303,13.03,24.687508
1304,13.04,24.538273
1305,13.05,24.434372
1306,13.06,24.126886
1307,13.07,24.182203
1308,13.08,24.111807
1309,13.09,24.380136
1310,13.1,24.562363
1311,13.11,24.734386
1312,13.12,24.888327
1313,13.13,24.910067
1314,13.14,24.844944
1315,13.15,24.93604
1316,13.16,24.733044
1317,13.17,24.309507
1318,13.18,24.251896
1319,13.19,24.527348
1320,13.2,24.62363
1321,13.21,24.86995
1322,13.22,24.735641
1323,13.23,24.621677
1324,13.24,24.225372
1325,13.25,24.357311
1326,13.26,24.612465
1327,13.27,24.55049
1328,13.28,24.309744
1329,13.29,24.18625
1330,13.3,24.538788
1331,13.31,24.687565
1332,13.32,24.665226
1333,13.33,24.602644
1334,13.34,24.434101
1335,13.35,24.702454
1336,13.36,24.724758
1337,13.37,24.527834
1338,13.38,24.707758
1339,13.39,24.809872
1340,13.4,24.861124
1341,13.41,25.010777
1342,13.42,24.945185
1343,13.43,25.00047
1344,13.44,24.982092
1345,13.45,24.654072
1346,13.46,24.307375
1347,13.47,24.50921
1348,13.48,24.29639
1349,13.49,24.383936
1350,13.5,24.042843
1351,13.51,23.803774
1352,13.52,24.142597
1353,13.53,24.679255
1354,13.54,24.913685
1355,13.55,24.930859
1356,13.56,25.110392
1357,13.57,24.580149
1358,13.58,24.657951
1359,13.59,24.48669
1360,13.6,24.20287
1361,13.61,24.161026
1362,13.62,24.349392
1363,13.63,24.47345
1364,13.64,24.668468
1365,13.65,24.5265
1366,13.66,24.679646
1367,13.67,24.800264
1368,13.68,24.640562
1369,13.69,25.009363
1370,13.7,25.095194
1371,13.71,25.17208
1372,13.72,24.80342
1373,13.73,24.79695
1374,13.74,24.71708
1375,13.75,24.997084
1376,13.76,24.814423
1377,13.77,24.641575
1378,13.78,24.74509
1379,13.79,24.667988
1380,13.8,24.575487
1381,13.81,24.30399
1382,13.82,24.262005
1383,13.83,24.473383
1384,13.84,24.335182
1385,13.85,24.614017
1386,13.86,24.200634
1387,13.87,24.406292
1388,13.88,24.311321
1389,13.89,24.375885
1390,13.9,24.278242
1391,13.91,24.542742
1392,13.92,24.723389
1393,13.93,24.622545
1394,13.94,24.522917
1395,13.95,24.46038
1396,13.96,24.338367
1397,13.97,24.187908
1398,13.98,23.95029
1399,13.99,23.795443
1400,14.0,24.07682
1401,14.01,23.855776
1402,14.02,24.005655
1403,14.03,24.253971
1404,14.04,24.227802
1405,14.05,24.353556
1406,14.06,24.409567
1407,14.07,24.482609
1408,14.08,24.352623
1409,14.09,24.274101
1410,14.1,24.117493
1411,14.11,24.203312
1412,14.12,24.043163
1413,14.13,24.514637
1414,14.14,24.768179
1415,14.15,24.914545
1416,14.16,24.580835
1417,14.17,24.483158
1418,14.18,24.790035
1419,14.19,24.466002
1420,14.2,24.25634
1421,14.21,24.55837
1422,14.22,24.33689
1423,14.23,24.71618
1424,14.24,24.522732
1425,14.25,24.481436
1426,14.26,24.551329
1427,14.27,24.596075
1428,14.28,24.617687
1429,14.29,24.525843
1430,14.3,24.51164
1431,14.31,24.54685
1432,14.32,24.505705
1433,14.33,24.30788
1434,14.34,24.233433
1435,14.35,24.486393
1436,14.36,24.268787
1437,14.37,24.49863
1438,14.38,24.133705
1439,14.39,24.058704
1440,14.4,24.186464
1441,14.41,24.339664
1442,14.42,24.44265
1443,14.43,24.867512
1444,14.44,24.641075
1445,14.45,24.584892
1446,14.46,24.398602
1447,14.47,24.13629
1448,14.48,24.05062
1449,14.49,24.07167
1450,14.5,24.170757
1451,14.51,23.87031
1452,14.52,24.227745
1453,14.53,24.286814
1454,14.54,24.407627
1455,14.55,24.553871
1456,14.56,24.480629
1457,14.57,24.209644
1458,14.58,24.052805
1459,14.59,24.314686
1460,14.6,24.801676
1461,14.61,24.672287
1462,14.62,24.425692
1463,14.63,24.611996
1464,14.64,24.348469
1465,14.65,24.376947
1466,14.66,24.648293
1467,14.67,24.5041
1468,14.68,24.624222
1469,14.69,24.461481
1470,14.7,24.240244
1471,14.71,24.314991
1472,14.72,24.499683
1473,14.73,24.262524
1474,14.74,24.044842
1475,14.75,24.142563
1476,14.76,24.300259
1477,14.77,24.267437
1478,14.78,24.107433
1479,14.79,23.925163
1480,14.8,24.3518
1481,14.81,24.647112
1482,14.82,24.479494
1483,14.83,24.417597
1484,14.84,24.693886
1485,14.85,24.86163
1486,14.86,24.24133
1487,14.87,24.506033
1488,14.88,24.514112
1489,14.89,24.669218
1490,14.9,24.575125
1491,14.91,24.193419
1492,14.92,24.496553
1493,14.93,24.662477
1494,14.94,24.359701
1495,14.95,24.290615
1496,14.96,24.07047
1497,14.97,24.036901
1498,14.98,24.22384
1499,14.99,24.091013
1500,15.0,24.009735
1501,15.01,24.12562
1502,15.02,24.516766
1503,15.03,24.52148
1504,15.04,24.372868
1505,15.05,24.489307
1506,15.06,24.645313
1507,15.07,24.176182
1508,15.08,24.252096
1509,15.09,24.039448
1510,15.1,24.228033
1511,15.11,24.768581
1512,15.12,24.589624
1513,15.13,24.615808
1514,15.14,25.148668
1515,15.15,24.94871
1516,15.16,24.88696
1517,15.17,24.76214
1518,15.18,24.760323
1519,15.19,24.774387
1520,15.2,24.716492
1521,15.21,24.649342
1522,15.22,25.088
1523,15.23,24.880873
1524,15.24,24.980415
1525,15.25,24.870045
1526,15.26,24.836039
1527,15.27,24.722836
1528,15.28,24.453594
1529,15.29,24.36085
1530,15.3,24.472973
1531,15.31,24.513878
1532,15.32,24.184803
1533,15.33,24.08443
1534,15.34,24.180847
1535,15.35,24.304653
1536,15.36,24.204695
1537,15.37,24.17801
1538,15.38,24.299843
1539,15.39,24.363874
1540,15.4,24.46982
1541,15.41,24.38478
1542,15.42,24.459827
1543,15.43,24.260227
1544,15.44,24.116322
1545,15.45,24.359974
1546,15.46,24.210571
1547,15.47,24.408127
1548,15.48,24.39596
1549,15.49,24.480597
1550,15.5,24.782328
1551,15.51,24.798695
1552,15.52,24.993914
1553,15.53,24.856098
1554,15.54,24.766209
1555,15.55,24.755857
1556,15.56,24.574203
1557,15.57,24.437958
1558,15.58,24.632017
1559,15.59,24.692024
1560,15.6,24.701962
1561,15.61,24.558258
1562,15.62,24.560886
1563,15.63,24.722904
1564,15.64,24.897877
1565,15.65,25.00889
1566,15.66,25.672703
1567,15.67,25.372982
1568,15.68,25.198164
1569,15.69,24.874271
1570,15.7,24.74601
1571,15.71,24.500664
1572,15.72,24.352423
1573,15.73,24.701273
1574,15.74,24.859861
1575,15.75,24.328125
1576,15.76,24.824461
1577,15.77,25.00836
1578,15.78,24.710445
1579,15.79,24.627522
1580,15.8,24.529896
1581,15.81,24.385292
1582,15.82,24.377369
1583,15.83,24.611904
1584,15.84,24.436384
1585,15.85,24.39945
1586,15.86,24.671146
1587,15.87,24.430553
1588,15.88,24.468845
1589,15.89,24.263086
1590,15.9,24.462698
1591,15.91,24.713047
1592,15.92,24.688034
1593,15.93,24.501188
1594,15.94,24.301369
1595,15.95,24.820333
1596,15.96,24.802357
1597,15.97,24.574232
1598,15.98,24.637493
1599,15.99,24.419075
1600,16.0,24.452888
1601,16.01,24.32687
1602,16.02,24.423504
1603,16.03,24.30365
1604,16.04,24.148544
1605,16.05,24.20661
1606,16.06,24.45074
1607,16.07,24.252972
1608,16.08,24.151257
1609,16.09,24.259037
1610,16.1,24.312614
1611,16.11,24.188862
1612,16.12,24.196117
1613,16.13,24.351297
1614,16.14,24.192144
1615,16.15,24.215132
1616,16.16,24.246784
1617,16.17,24.209536
1618,16.18,23.997023
1619,16.19,24.167961
1620,16.2,24.065691
1621,16.21,24.069359
1622,16.22,24.167734
1623,16.23,24.194345
1624,16.24,24.463095
1625,16.25,24.397593
1626,16.26,24.052769
1627,16.27,24.256512
1628,16.28,24.199495
1629,16.29,24.383202
1630,16.3,24.409307
1631,16.31,24.372356
1632,16.32,24.478998
1633,16.33,24.56615
1634,16.34,24.260065
1635,16.35,24.342495
1636,16.36,24.705671
1637,16.37,24.746527
1638,16.38,24.748398
1639,16.39,24.659124
1640,16.4,24.325542
1641,16.41,24.76569
1642,16.42,24.833536
1643,16.43,24.607962
1644,16.44,24.408588
1645,16.45,24.734766
1646,16.46,24.95969
1647,16.47,24.662874
1648,16.48,24.672272
1649,16.49,24.59305
1650,16.5,24.534534
1651,16.51,24.475126
1652,16.52,24.646065
1653,16.53,24.708393
1654,16.54,24.654411
1655,16.55,24.732285
1656,16.56,24.621653
1657,16.57,24.351921
1658,16.58,24.349575
1659,16.59,24.751968
1660,16.6,24.233986
1661,16.61,24.130264
1662,16.62,24.283096
1663,16.63,24.25196
1664,16.64,24.490416
1665,16.65,24.342012
1666,16.66,24.065178
1667,16.67,24.322386
1668,16.68,25.138086
1669,16.69,24.8664
1670,16.7,24.772905
1671,16.71,24.747087
1672,16.72,24.422405
1673,16.73,24.176815
1674,16.74,24.147997
1675,16.75,24.27471
1676,16.76,24.093304
1677,16.77,24.323744
1678,16.78,24.374338
1679,16.79,24.127897
1680,16.8,24.26614
1681,16.81,24.174786
1682,16.82,24.351088
1683,16.83,24.556633
1684,16.84,24.484901
1685,16.85,24.59641
1686,16.86,24.927517
1687,16.87,25.16653
1688,16.88,25.187984
1689,16.89,25.49873
1690,16.9,24.97858
1691,16.91,24.958183
1692,16.92,24.888174
1693,16.93,24.861416
1694,16.94,24.862349
1695,16.95,24.430584
1696,16.96,24.455822
1697,16.97,24.439253
1698,16.98,24.74525
1699,16.99,25.131838
1700,17.0,24.731983
1701,17.01,24.86478
1702,17.02,24.780117
1703,17.03,24.515072
1704,17.04,24.74449
1705,17.05,24.95797
1706,17.06,24.70528
1707,17.07,24.471169
1708,17.08,24.461857
1709,17.09,23.953169
1710,17.1,24.424833
1711,17.11,24.260544
1712,17.12,24.280354
1713,17.13,24.380123
1714,17.14,24.889002
1715,17.15,25.057377
1716,17.16,24.829733
1717,17.17,25.147282
1718,17.18,25.529797
1719,17.19,24.789324
1720,17.2,25.020206
1721,17.21,24.836262
1722,17.22,24.75428
1723,17.23,24.534977
1724,17.24,24.379559
1725,17.25,24.445839
1726,17.26,24.037565
1727,17.27,23.830202
1728,17.28,24.049793
1729,17.29,24.132544
1730,17.3,24.112455
1731,17.31,24.163696
1732,17.32,24.027304
1733,17.33,24.446285
1734,17.34,24.651821
1735,17.35,24.496483
1736,17.36,24.215422
1737,17.37,24.433247
1738,17.38,24.61196
1739,17.39,24.4394
1740,17.4,24.571074
1741,17.41,24.792171
1742,17.42,24.757387
1743,17.43,24.873991
1744,17.44,24.644323
1745,17.45,24.359972
1746,17.46,23.973995
1747,17.47,24.17852
1748,17.48,24.09843
1749,17.49,24.134235
1750,17.5,24.075348
1751,17.51,24.322666
1752,17.52,24.589893
1753,17.53,24.525145
1754,17.54,24.504343
1755,17.55,24.59997
1756,17.56,24.20208
1757,17.57,24.403233
1758,17.58,24.508047
1759,17.59,24.888565
1760,17.6,24.739147
1761,17.61,24.936615
1762,17.62,24.96702
1763,17.63,24.809402
1764,17.64,25.195122
1765,17.65,25.181683
1766,17.66,25.176434
1767,17.67,25.287338
1768,17.68,25.025019
1769,17.69,24.795242
1770,17.7,25.086508
1771,17.71,24.84412
1772,17.72,24.954094
1773,17.73,24.729473
1774,17.74,24.76881
1775,17.75,24.524063
1776,17.76,24.204508
1777,17.77,24.263426
1778,17.78,24.261309
1779,17.79,24.514902
1780,17.8,24.528896
1781,17.81,24.168667
1782,17.82,24.162754
1783,17.83,24.288136
1784,17.84,24.301968
1785,17.85,24.529236
1786,17.86,23.948536
1787,17.87,24.101763
1788,17.88,24.15585
1789,17.89,24.3073
1790,17.9,24.374243
1791,17.91,24.397177
1792,17.92,24.345333
1793,17.93,24.603273
1794,17.94,24.65302
1795,17.95,24.855774
1796,17.96,24.515919
1797,17.97,24.514051
1798,17.98,24.395039
1799,17.99,24.587315
1800,18.0,24.793684
1801,18.01,24.713211
1802,18.02,24.823978
1803,18.03,24.833899
1804,18.04,24.656012
1805,18.05,24.658165
1806,18.06,24.60132
1807,18.07,24.4655
1808,18.08,24.382355
1809,18.09,24.499435
1810,18.1,24.591652
1811,18.11,24.515652
1812,18.12,24.587055
1813,18.13,24.519726
1814,18.14,24.431202
1815,18.15,24.479952
1816,18.16,24.256657
1817,18.17,24.11052
1818,18.18,24.515873
1819,18.19,24.55852
1820,18.2,24.753069
1821,18.21,24.819124
1822,18.22,24.831844
1823,18.23,24.977598
1824,18.24,24.89297
1825,18.25,25.140493
1826,18.26,24.798496
1827,18.27,24.724646
1828,18.28,24.681376
1829,18.29,24.49104
1830,18.3,24.617615
1831,18.31,24.260162
1832,18.32,24.317816
1833,18.33,24.231556
1834,18.34,24.19805
1835,18.35,24.328396
1836,18.36,24.47526
1837,18.37,24.498894
1838,18.38,24.681019
1839,18.39,24.56522
1840,18.4,25.017223
1841,18.41,25.242373
1842,18.42,25.104027
1843,18.43,24.958487
1844,18.44,24.819708
1845,18.45,25.294342
1846,18.46,25.288471
1847,18.47,25.254818
1848,18.48,24.738111
1849,18.49,24.66792
1850,18.5,25.009216
1851,18.51,25.140024
1852,18.52,25.146336
1853,18.53,25.032541
1854,18.54,25.15484
1855,18.55,24.868128
1856,18.56,25.084679
1857,18.57,24.913408
1858,18.58,24.736912
1859,18.59,24.783924
1860,18.6,24.768711
1861,18.61,24.392593
1862,18.62,24.555775
1863,18.63,24.50792
1864,18.64,24.429674
1865,18.65,24.315958
1866,18.66,24.584927
1867,18.67,24.4799
1868,18.68,24.723034
1869,18.69,24.96124
1870,18.7,24.738194
1871,18.71,25.3481
1872,18.72,25.043169
1873,18.73,24.935831
1874,18.74,24.159101
1875,18.75,24.086376
1876,18.76,24.17586
1877,18.77,24.231512
1878,18.78,24.123331
1879,18.79,24.439041
1880,18.8,24.042448
1881,18.81,24.394215
1882,18.82,24.38925
1883,18.83,25.11047
1884,18.84,24.770853
1885,18.85,24.883593
1886,18.86,25.041338
1887,18.87,24.567778
1888,18.88,24.723436
1889,18.89,24.43241
1890,18.9,24.32069
1891,18.91,24.362764
1892,18.92,23.720665
1893,18.93,24.086666
1894,18.94,24.054781
1895,18.95,24.216595
1896,18.96,24.455637
1897,18.97,24.477356
1898,18.98,24.153479
1899,18.99,23.81226
1900,19.0,23.955708
1901,19.01,24.449764
1902,19.02,24.094303
1903,19.03,24.590744
1904,19.04,24.758942
1905,19.05,24.64334
1906,19.06,24.714382
1907,19.07,24.663609
1908,19.08,24.525524
1909,19.09,24.954441
1910,19.1,24.55775
1911,19.11,24.323374
1912,19.12,24.290304
1913,19.13,24.658241
1914,19.14,25.295237
1915,19.15,25.13282
1916,19.16,24.793081
1917,19.17,24.60076
1918,19.18,24.91029
1919,19.19,24.534267
1920,19.2,24.553408
1921,19.21,24.510727
1922,19.22,24.368137
1923,19.23,24.5814
1924,19.24,24.408228
1925,19.25,24.511536
1926,19.26,24.322397
1927,19.27,24.583263
1928,19.28,24.814716
1929,19.29,24.620398
1930,19.3,24.505318
1931,19.31,24.591167
1932,19.32,24.941418
1933,19.33,24.782104
1934,19.34,24.895462
1935,19.35,24.817951
1936,19.36,24.85001
1937,19.37,24.997541
1938,19.38,25.147247
1939,19.39,24.870838
1940,19.4,25.046175
1941,19.41,25.043833
1942,19.42,25.060589
1943,19.43,24.797813
1944,19.44,24.72818
1945,19.45,24.760876
1946,19.46,25.10884
1947,19.47,25.422958
1948,19.48,25.22879
1949,19.49,25.238316
1950,19.5,24.815142
1951,19.51,24.899622
1952,19.52,24.904902
1953,19.53,24.593288
1954,19.54,24.537354
1955,19.55,23.856853
1956,19.56,23.958893
1957,19.57,23.823427
1958,19.58,23.725931
1959,19.59,24.226116
1960,19.6,23.624607
1961,19.61,23.90514
1962,19.62,23.767233
1963,19.63,24.000732
1964,19.64,24.017128
1965,19.65,24.146082
1966,19.66,24.549898
1967,19.67,24.554943
1968,19.68,24.57903
1969,19.69,24.804594
1970,19.7,24.394514
1971,19.71,24.487932
1972,19.72,24.68652
1973,19.73,24.453226
1974,19.74,24.26157
1975,19.75,24.544947
1976,19.76,24.350027
1977,19.77,24.702204
1978,19.78,25.027086
1979,19.79,25.099516
1980,19.8,24.954264
1981,19.81,25.176558
1982,19.82,25.106148
1983,19.83,24.944357
1984,19.84,24.832272
1985,19.85,24.546986
1986,19.86,24.510628
1987,19.87,24.44693
1988,19.88,24.682547
1989,19.89,24.598673
1990,19.9,24.650093
1991,19.91,24.543388
1992,19.92,24.06883
1993,19.93,24.26697
1994,19.94,24.16599
1995,19.95,24.031301
1996,19.96,24.334091
1997,19.97,24.36653
1998,19.98,24.5755
1999,19.99,24.709438
2000,20.0,24.663445
2001,20.01,24.590511
2002,20.02,24.419376
2003,20.03,24.689114
2004,20.04,24.803312
2005,20.05,24.97337
2006,20.06,24.785534
2007,20.07,24.829983
2008,20.08,24.965065
2009,20.09,24.792759
2010,20.1,24.740116
2011,20.11,24.751965
2012,20.12,24.816113
2013,20.13,24.789228
2014,20.14,24.52694
2015,20.15,23.858795
2016,20.16,24.068905
2017,20.17,24.005724
2018,20.18,24.06718
2019,20.19,24.237404
2020,20.2,24.023907
2021,20.21,24.40091
2022,20.22,24.526201
2023,20.23,24.428453
2024,20.24,24.304943
2025,20.25,24.628048
2026,20.26,24.903673
2027,20.27,24.74092
2028,20.28,24.92833
2029,20.29,24.810818
2030,20.3,24.441462
2031,20.31,24.53747
2032,20.32,24.340855
2033,20.33,24.109348
2034,20.34,24.253521
2035,20.35,24.44241
2036,20.36,24.011774
2037,20.37,24.264866
2038,20.38,24.359138
2039,20.39,24.283518
2040,20.4,24.230791
2041,20.41,24.340076
2042,20.42,24.365017
2043,20.43,24.129925
2044,20.44,24.315273
2045,20.45,24.35542
2046,20.46,24.293468
2047,20.47,24.461857
2048,20.48,24.483461
2049,20.49,24.240358
2050,20.5,24.197712
2051,20.51,24.441576
2052,20.52,24.095083
2053,20.53,24.456732
2054,20.54,24.138927
2055,20.55,24.052975
2056,20.56,23.7047
2057,20.57,24.097565
2058,20.58,23.974792
2059,20.59,23.868052
2060,20.6,23.904398
2061,20.61,24.115852
2062,20.62,23.832323
2063,20.63,24.084312
2064,20.64,24.107365
2065,20.65,23.890589
2066,20.66,23.716747
2067,20.67,24.666765
2068,20.68,25.08341
2069,20.69,24.850592
2070,20.7,24.501888
2071,20.71,24.558647
2072,20.72,24.753344
2073,20.73,24.731815
2074,20.74,24.3198
2075,20.75,24.493004
2076,20.76,24.468777
2077,20.77,24.57286
2078,20.78,24.690336
2079,20.79,24.801104
2080,20.8,25.026571
2081,20.81,24.545618
2082,20.82,24.604414
2083,20.83,24.325092
2084,20.84,24.76756
2085,20.85,25.063362
2086,20.86,24.517075
2087,20.87,24.92827
2088,20.88,25.163221
2089,20.89,24.661053
2090,20.9,24.91276
2091,20.91,24.934523
2092,20.92,24.737476
2093,20.93,24.699255
2094,20.94,24.869305
2095,20.95,25.137074
2096,20.96,24.983585
2097,20.97,24.732544
2098,20.98,24.732218
2099,20.99,24.666426
2100,21.0,24.302319
2101,21.01,24.215267
2102,21.02,24.297686
2103,21.03,24.68842
2104,21.04,25.031101
2105,21.05,24.694336
2106,21.06,24.542776
2107,21.07,24.717117
2108,21.08,24.580645
2109,21.09,24.439772
2110,21.1,24.455662
2111,21.11,24.165195
2112,21.12,24.463093
2113,21.13,24.610746
2114,21.14,24.880085
2115,21.15,25.183464
2116,21.16,25.106335
2117,21.17,24.904913
2118,21.18,25.317226
2119,21.19,25.12239
2120,21.2,24.836477
2121,21.21,24.896996
2122,21.22,24.89263
2123,21.23,24.741447
2124,21.24,24.867855
2125,21.25,24.880781
2126,21.26,24.685408
2127,21.27,24.932846
2128,21.28,24.891834
2129,21.29,24.787907
2130,21.3,25.130821
2131,21.31,25.012762
2132,21.32,24.933517
2133,21.33,24.693237
2134,21.34,24.71562
2135,21.35,24.840443
2136,21.36,24.670582
2137,21.37,24.636631
2138,21.38,24.578087
2139,21.39,24.617195
2140,21.4,24.34362
2141,21.41,24.882862
2142,21.42,25.05347
2143,21.43,24.89693
2144,21.44,24.757511
2145,21.45,25.054022
2146,21.46,25.0245
2147,21.47,24.810017
2148,21.48,24.522808
2149,21.49,24.695866
2150,21.5,24.508303
2151,21.51,24.549343
2152,21.52,24.55845
2153,21.53,24.120686
2154,21.54,24.49763
2155,21.55,24.726543
2156,21.56,24.717216
2157,21.57,24.210663
2158,21.58,24.469004
2159,21.59,24.730007
2160,21.6,24.890455
2161,21.61,24.675747
2162,21.62,24.443005
2163,21.63,24.927324
2164,21.64,24.849916
2165,21.65,24.90459
2166,21.66,24.72597
2167,21.67,24.861195
2168,21.68,25.110643
2169,21.69,24.82932
2170,21.7,24.558336
2171,21.71,24.290577
2172,21.72,24.205952
2173,21.73,24.091465
2174,21.74,24.408325
2175,21.75,24.557365
2176,21.76,24.597544
2177,21.77,24.462029
2178,21.78,24.587473
2179,21.79,24.606068
2180,21.8,24.67185
2181,21.81,24.66155
2182,21.82,24.392597
2183,21.83,24.242554
2184,21.84,24.397709
2185,21.85,24.330385
2186,21.86,24.284075
2187,21.87,24.55431
2188,21.88,24.34198
2189,21.89,24.128546
2190,21.9,23.99247
2191,21.91,24.37304
2192,21.92,24.679142
2193,21.93,24.589334
2194,21.94,24.502583
2195,21.95,24.181728
2196,21.96,24.319502
2197,21.97,24.370043
2198,21.98,24.8286
2199,21.99,24.990396
2200,22.0,24.731403
2201,22.01,24.751732
2202,22.02,24.607813
2203,22.03,24.97537
2204,22.04,24.58796
2205,22.05,24.39217
2206,22.06,24.083326
2207,22.07,24.338037
2208,22.08,24.608337
2209,22.09,24.660198
2210,22.1,24.957506
2211,22.11,24.94242
2212,22.12,24.763567
2213,22.13,25.089176
2214,22.14,24.984585
2215,22.15,24.919533
2216,22.16,24.512636
2217,22.17,24.245611
2218,22.18,24.147358
2219,22.19,23.879986
2220,22.2,23.964415
2221,22.21,23.960337
2222,22.22,24.199299
2223,22.23,23.87002
2224,22.24,23.698986
2225,22.25,24.126297
2226,22.26,24.177023
2227,22.27,23.869503
2228,22.28,23.969034
2229,22.29,24.200954
2230,22.3,24.267925
2231,22.31,24.511055
2232,22.32,24.123003
2233,22.33,24.067236
2234,22.34,23.988834
2235,22.35,23.7997
2236,22.36,23.86649
2237,22.37,24.12549
2238,22.38,24.365818
2239,22.39,24.13646
2240,22.4,24.585438
2241,22.41,24.502214
2242,22.42,24.684217
2243,22.43,24.58867
2244,22.44,24.669031
2245,22.45,24.668232
2246,22.46,25.003958
2247,22.47,24.38893
2248,22.48,24.539764
2249,22.49,24.70546
2250,22.5,24.282505
2251,22.51,24.089113
2252,22.52,24.326984
2253,22.53,24.346125
2254,22.54,24.160969
2255,22.55,24.286335
2256,22.56,24.18177
2257,22.57,24.473137
2258,22.58,24.492678
2259,22.59,24.325098
2260,22.6,24.20045
2261,22.61,24.07123
2262,22.62,24.485056
2263,22.63,24.344051
2264,22.64,24.388573
2265,22.65,24.341238
2266,22.66,24.705017
2267,22.67,24.611973
2268,22.68,24.789494
2269,22.69,24.933048
2270,22.7,25.116856
2271,22.71,24.90652
2272,22.72,24.605568
2273,22.73,24.169561
2274,22.74,24.461018
2275,22.75,24.055777
2276,22.76,24.381239
2277,22.77,24.007267
2278,22.78,24.09539
2279,22.79,24.258547
2280,22.8,23.946491
2281,22.81,24.13309
2282,22.82,24.63545
2283,22.83,24.57553
2284,22.84,24.879196
2285,22.85,24.762846
2286,22.86,25.01481
2287,22.87,24.996965
2288,22.88,25.075512
2289,22.89,24.89315
2290,22.9,24.880697
2291,22.91,24.55795
2292,22.92,24.959911
2293,22.93,24.882896
2294,22.94,24.993958
2295,22.95,24.93127
2296,22.96,24.940693
2297,22.97,24.539474
2298,22.98,24.445538
2299,22.99,24.434278
2300,23.0,24.309263
2301,23.01,24.070389
2302,23.02,24.043419
2303,23.03,24.142818
2304,23.04,24.670448
2305,23.05,24.527033
2306,23.06,24.231342
2307,23.07,24.219496
2308,23.08,24.300167
2309,23.09,24.18612
2310,23.1,23.953175
2311,23.11,23.749485
2312,23.12,23.91767
2313,23.13,24.073442
2314,23.14,23.683537
2315,23.15,23.968021
2316,23.16,24.21654
2317,23.17,24.700596
2318,23.18,24.430864
2319,23.19,24.63237
2320,23.2,24.709019
2321,23.21,24.8998
2322,23.22,24.909365
2323,23.23,24.82854
2324,23.24,24.832594
2325,23.25,24.840437
2326,23.26,25.107883
2327,23.27,25.045797
2328,23.28,24.769444
2329,23.29,25.025381
2330,23.3,24.59844
2331,23.31,25.158478
2332,23.32,24.89775
2333,23.33,24.74739
2334,23.34,24.621536
2335,23.35,24.643967
2336,23.36,24.512295
2337,23.37,24.540794
2338,23.38,24.816103
2339,23.39,24.736443
2340,23.4,24.598751
2341,23.41,24.607838
2342,23.42,24.797825
2343,23.43,24.304071
2344,23.44,24.569508
2345,23.45,24.705997
2346,23.46,24.721487
2347,23.47,24.897673
2348,23.48,25.060411
2349,23.49,25.324167
2350,23.5,25.495136
2351,23.51,25.425539
2352,23.52,25.158684
2353,23.53,25.019571
2354,23.54,25.051067
2355,23.55,24.872744
2356,23.56,24.991154
2357,23.57,24.755674
2358,23.58,24.929647
2359,23.59,25.074848
2360,23.6,24.865435
2361,23.61,24.832129
2362,23.62,24.661654
2363,23.63,24.507692
2364,23.64,24.68568
2365,23.65,24.460957
2366,23.66,24.512648
2367,23.67,24.605034
2368,23.68,24.814087
2369,23.69,25.445988
2370,23.7,25.118479
2371,23.71,25.17623
2372,23.72,25.317135
2373,23.73,24.894718
2374,23.74,25.050018
2375,23.75,24.800352
2376,23.76,25.04125
2377,23.77,25.154222
2378,23.78,24.886806
2379,23.79,24.624811
2380,23.8,24.928524
2381,23.81,24.405079
2382,23.82,24.276213
2383,23.83,24.245077
2384,23.84,24.183428
2385,23.85,24.06444
2386,23.86,24.127592
2387,23.87,24.256338
2388,23.88,24.17516
2389,23.89,24.269194
2390,23.9,24.218151
2391,23.91,24.156101
2392,23.92,24.118786
2393,23.93,24.01476
2394,23.94,24.225882
2395,23.95,24.378689
2396,23.96,24.074163
2397,23.97,24.01425
2398,23.98,24.549223
2399,23.99,24.734766
2400,24.0,24.55053
2401,24.01,24.829456
2402,24.02,25.417608
2403,24.03,25.017025
2404,24.04,24.818928
2405,24.05,25.20215
2406,24.06,25.174543
2407,24.07,25.023302
2408,24.08,24.95514
2409,24.09,24.939184
2410,24.1,24.9539
2411,24.11,24.39027
2412,24.12,24.483309
2413,24.13,24.533709
2414,24.14,24.41244
2415,24.15,24.176603
2416,24.16,24.49494
2417,24.17,24.480885
2418,24.18,24.3684
2419,24.19,24.044506
2420,24.2,24.1734
2421,24.21,24.319193
2422,24.22,24.587658
2423,24.23,24.69273
2424,24.24,25.05274
2425,24.25,24.546127
2426,24.26,24.906542
2427,24.27,25.248219
2428,24.28,25.115679
2429,24.29,24.949244
2430,24.3,24.853931
2431,24.31,25.122736
2432,24.32,25.040916
2433,24.33,25.053532
2434,24.34,25.1815
2435,24.35,24.905209
2436,24.36,24.642155
2437,24.37,24.693386
2438,24.38,24.667519
2439,24.39,24.822687
2440,24.4,24.7235
2441,24.41,24.57423
2442,24.42,24.190187
2443,24.43,24.508205
2444,24.44,24.661522
2445,24.45,25.16364
2446,24.46,24.747679
2447,24.47,24.61428
2448,24.48,24.583462
2449,24.49,24.708622
2450,24.5,25.045254
2451,24.51,25.023136
2452,24.52,25.071203
2453,24.53,24.772512
2454,24.54,24.652706
2455,24.55,24.542881
2456,24.56,24.655792
2457,24.57,24.596764
2458,24.58,24.99493
2459,24.59,24.873133
2460,24.6,24.96935
2461,24.61,25.107382
2462,24.62,24.737125
2463,24.63,24.723976
2464,24.64,24.344429
2465,24.65,24.551472
2466,24.66,24.487782
2467,24.67,24.356821
2468,24.68,24.576797
2469,24.69,24.446173
2470,24.7,24.394522
2471,24.71,24.373453
2472,24.72,24.515272
2473,24.73,24.644497
2474,24.74,24.575737
2475,24.75,24.428072
2476,24.76,24.860085
2477,24.77,24.592518
2478,24.78,24.533304
2479,24.79,24.920078
2480,24.8,24.960487
2481,24.81,25.169971
2482,24.82,25.285557
2483,24.83,25.36707
2484,24.84,25.07806
2485,24.85,24.709259
2486,24.86,24.912327
2487,24.87,24.881962
2488,24.88,25.089657
2489,24.89,25.13536
2490,24.9,25.635494
2491,24.91,25.404959
2492,24.92,24.82572
2493,24.93,24.973412
2494,24.94,24.66838
2495,24.95,24.506828
2496,24.96,24.7396
2497,24.97,24.58366
2498,24.98,24.351803
2499,24.99,24.641127
2500,25.0,24.724396
2501,25.01,24.977436
2502,25.02,24.745798
2503,25.03,24.71294
2504,25.04,24.21591
2505,25.05,24.165285
2506,25.06,24.458885
2507,25.07,24.640919
2508,25.08,24.34481
2509,25.09,24.340862
2510,25.1,24.587492
2511,25.11,24.423662
2512,25.12,24.43357
2513,25.13,24.188581
2514,25.14,24.500664
2515,25.15,24.596245
2516,25.16,24.623085
2517,25.17,24.694738
2518,25.18,24.941303
2519,25.19,24.950003
2520,25.2,25.125967
2521,25.21,24.846434
2522,25.22,24.966114
2523,25.23,24.843527
2524,25.24,25.229105
2525,25.25,25.423368
2526,25.26,25.23296
2527,25.27,25.455124
2528,25.28,25.311981
2529,25.29,25.218224
2530,25.3,24.690302
2531,25.31,24.757214
2532,25.32,24.451174
2533,25.33,24.332905
2534,25.34,24.542135
2535,25.35,24.485989
2536,25.36,24.283081
2537,25.37,24.568794
2538,25.38,24.169823
2539,25.39,24.147472
2540,25.4,23.694529
2541,25.41,24.04621
2542,25.42,24.009718
2543,25.43,23.904568
2544,25.44,24.01763
2545,25.45,24.042822
2546,25.46,23.92731
2547,25.47,23.59589
2548,25.48,24.111876
2549,25.49,24.227356
2550,25.5,23.967525
2551,25.51,24.085726
2552,25.52,24.693012
2553,25.53,24.744846
2554,25.54,24.626326
2555,25.55,24.387068
2556,25.56,24.494595
2557,25.57,24.544302
2558,25.58,24.504295
2559,25.59,24.843006
2560,25.6,24.914104
2561,25.61,24.954182
2562,25.62,24.931026
2563,25.63,24.968048
2564,25.64,24.988922
2565,25.65,24.580019
2566,25.66,24.665993
2567,25.67,24.820936
2568,25.68,24.508478
2569,25.69,24.895203
2570,25.7,24.986734
2571,25.71,24.989628
2572,25.72,24.916525
2573,25.73,24.528131
2574,25.74,24.622784
2575,25.75,24.685722
2576,25.76,24.762785
2577,25.77,24.989359
2578,25.78,24.795122
2579,25.79,24.443386
2580,25.8,24.724129
2581,25.81,24.453564
2582,25.82,24.30157
2583,25.83,24.3102
2584,25.84,24.596317
2585,25.85,24.41743
2586,25.86,24.179272
2587,25.87,24.02435
2588,25.88,24.327236
2589,25.89,24.148453
2590,25.9,24.78719
2591,25.91,24.696129
2592,25.92,24.733133
2593,25.93,25.047491
2594,25.94,25.1081
2595,25.95,24.926823
2596,25.96,24.89431
2597,25.97,24.771862
2598,25.98,24.690462
2599,25.99,24.8724
2600,26.0,24.798073
2601,26.01,24.55853
2602,26.02,24.754492
2603,26.03,24.829075
2604,26.04,24.76812
2605,26.05,24.750948
2606,26.06,24.639978
2607,26.07,24.721455
2608,26.08,24.700672
2609,26.09,24.57751
2610,26.1,24.1456
2611,26.11,23.880997
2612,26.12,24.184734
2613,26.13,24.018566
2614,26.14,23.784626
2615,26.15,23.714449
2616,26.16,23.551857
2617,26.17,23.987011
2618,26.18,23.81232
2619,26.19,24.02627
2620,26.2,24.353199
2621,26.21,24.577759
2622,26.22,24.642002
2623,26.23,24.658821
2624,26.24,24.83144
2625,26.25,24.782719
2626,26.26,24.942879
2627,26.27,24.687849
2628,26.28,24.71136
2629,26.29,24.591595
2630,26.3,24.698534
2631,26.31,24.693419
2632,26.32,24.466534
2633,26.33,24.470968
2634,26.34,24.678333
2635,26.35,24.4595
2636,26.36,24.546467
2637,26.37,23.926506
2638,26.38,24.148731
2639,26.39,24.105152
2640,26.4,24.074446
2641,26.41,24.303595
2642,26.42,24.411713
2643,26.43,24.890446
2644,26.44,24.834347
2645,26.45,24.661556
2646,26.46,24.508892
2647,26.47,24.325933
2648,26.48,24.262802
2649,26.49,24.261957
2650,26.5,24.436693
2651,26.51,24.156033
2652,26.52,24.242064
2653,26.53,23.915905
2654,26.54,24.036392
2655,26.55,24.135244
2656,26.56,24.025467
2657,26.57,24.192287
2658,26.58,24.30589
2659,26.59,24.411736
2660,26.6,24.490265
2661,26.61,24.817814
2662,26.62,24.899767
2663,26.63,25.050964
2664,26.64,25.163017
2665,26.65,25.128117
2666,26.66,25.216064
2667,26.67,24.894596
2668,26.68,24.728144
2669,26.69,24.313148
2670,26.7,24.554522
2671,26.71,24.234005
2672,26.72,24.560478
2673,26.73,24.907137
2674,26.74,24.945517
2675,26.75,25.015572
2676,26.76,25.20572
2677,26.77,24.875404
2678,26.78,24.493456
2679,26.79,24.740623
2680,26.8,24.431545
2681,26.81,24.361124
2682,26.82,24.278448
2683,26.83,24.412163
2684,26.84,24.29224
2685,26.85,24.64732
2686,26.86,24.612745
2687,26.87,24.519957
2688,26.88,24.3134
2689,26.89,24.236128
2690,26.9,24.29771
2691,26.91,24.725838
2692,26.92,24.81582
2693,26.93,24.82897
2694,26.94,24.678413
2695,26.95,24.47076
2696,26.96,24.660545
2697,26.97,24.649763
2698,26.98,24.57404
2699,26.99,24.407986
2700,27.0,24.352522
2701,27.01,24.553108
2702,27.02,24.130787
2703,27.03,24.118956
2704,27.04,24.15479
2705,27.05,24.514772
2706,27.06,24.678757
2707,27.07,24.317564
2708,27.08,24.266207
2709,27.09,24.484081
2710,27.1,24.52006
2711,27.11,24.646643
2712,27.12,24.800632
2713,27.13,24.846918
2714,27.14,24.697819
2715,27.15,24.545015
2716,27.16,24.616055
2717,27.17,24.831013
2718,27.18,24.741253
2719,27.19,24.644838
2720,27.2,24.543018
2721,27.21,24.980534
2722,27.22,24.789124
2723,27.23,25.105299
2724,27.24,25.077175
2725,27.25,25.06935
2726,27.26,25.287186
2727,27.27,24.853703
2728,27.28,24.62259
2729,27.29,24.782236
2730,27.3,24.686335
2731,27.31,24.71307
2732,27.32,25.012094
2733,27.33,24.855583
2734,27.34,25.038815
2735,27.35,24.963192
2736,27.36,24.981184
2737,27.37,25.132511
2738,27.38,24.837559
2739,27.39,24.682299
2740,27.4,24.720795
2741,27.41,24.25184
2742,27.42,24.379745
2743,27.43,24.611187
2744,27.44,24.67699
2745,27.45,24.458033
2746,27.46,24.186045
2747,27.47,24.182947
2748,27.48,24.104267
2749,27.49,24.025284
2750,27.5,24.09048
2751,27.51,24.21012
2752,27.52,24.074963
2753,27.53,24.221695
2754,27.54,24.404545
2755,27.55,24.314543
2756,27.56,24.17281
2757,27.57,24.324364
2758,27.58,24.033155
2759,27.59,24.677708
2760,27.6,24.201687
2761,27.61,24.459356
2762,27.62,23.997854
2763,27.63,24.2155
2764,27.64,24.267567
2765,27.65,24.258709
2766,27.66,24.028141
2767,27.67,24.066504
2768,27.68,24.128155
2769,27.69,24.419752
2770,27.7,24.359343
2771,27.71,24.274975
2772,27.72,24.498178
2773,27.73,24.869179
2774,27.74,24.586683
2775,27.75,24.328297
2776,27.76,24.347002
2777,27.77,24.542248
2778,27.78,24.6464
2779,27.79,24.835392
2780,27.8,24.714619
2781,27.81,24.469553
2782,27.82,24.604286
2783,27.83,24.433685
2784,27.84,24.534182
2785,27.85,24.685665
2786,27.86,24.739584
2787,27.87,24.853468
2788,27.88,24.706757
2789,27.89,24.822285
2790,27.9,25.083502
2791,27.91,24.817478
2792,27.92,24.920584
2793,27.93,24.2452
2794,27.94,24.160503
2795,27.95,24.3389
2796,27.96,24.391457
2797,27.97,24.280584
2798,27.98,24.280157
2799,27.99,24.074022
2800,28.0,24.049198
2801,28.01,24.330929
2802,28.02,24.192673
2803,28.03,24.328049
2804,28.04,24.2347
2805,28.05,24.344425
2806,28.06,24.072315
2807,28.07,23.977766
2808,28.08,24.324528
2809,28.09,24.325802
2810,28.1,24.552914
2811,28.11,24.840183
2812,28.12,25.053743
2813,28.13,25.001501
2814,28.14,24.717989
2815,28.15,24.561893
2816,28.16,24.583826
2817,28.17,24.439983
2818,28.18,24.186123
2819,28.19,24.201357
2820,28.2,24.244055
2821,28.21,24.202335
2822,28.22,24.538921
2823,28.23,24.451748
2824,28.24,24.46767
2825,28.25,24.713306
2826,28.26,25.159086
2827,28.27,24.899778
2828,28.28,25.220938
2829,28.29,24.425766
2830,28.3,24.77516
2831,28.31,24.783962
2832,28.32,24.827421
2833,28.33,24.572397
2834,28.34,24.750992
2835,28.35,24.613192
2836,28.36,25.00084
2837,28.37,25.172352
2838,28.38,24.99925
2839,28.39,25.097025
2840,28.4,24.725252
2841,28.41,24.556013
2842,28.42,24.831854
2843,28.43,24.730522
2844,28.44,24.58927
2845,28.45,24.709982
2846,28.46,24.74636
2847,28.47,24.622469
2848,28.48,25.160278
2849,28.49,24.767986
2850,28.5,24.776995
2851,28.51,24.54806
2852,28.52,24.532291
2853,28.53,24.787893
2854,28.54,24.835323
2855,28.55,24.894627
2856,28.56,25.288284
2857,28.57,25.010414
2858,28.58,24.79995
2859,28.59,24.789066
2860,28.6,25.141165
2861,28.61,24.945408
2862,28.62,25.527143
2863,28.63,25.333212
2864,28.64,25.229338
2865,28.65,24.753653
2866,28.66,24.695967
2867,28.67,24.389034
2868,28.68,24.45748
2869,28.69,24.393023
2870,28.7,24.349384
2871,28.71,24.707844
2872,28.72,24.653023
2873,28.73,24.544949
2874,28.74,24.478218
2875,28.75,24.107262
2876,28.76,24.128595
2877,28.77,24.474258
2878,28.78,24.612068
2879,28.79,24.598686
2880,28.8,24.298635
2881,28.81,24.454273
2882,28.82,24.8155
2883,28.83,24.310936
2884,28.84,24.576845
2885,28.85,24.267593
2886,28.86,24.37064
2887,28.87,24.807528
2888,28.88,24.314566
2889,28.89,24.155926
2890,28.9,24.082355
2891,28.91,24.230188
2892,28.92,24.507181
2893,28.93,24.642616
2894,28.94,24.395386
2895,28.95,24.116886
2896,28.96,24.408253
2897,28.97,24.446999
2898,28.98,24.713795
2899,28.99,24.721325
2900,29.0,24.649294
2901,29.01,24.694546
2902,29.02,25.00513
2903,29.03,24.852577
2904,29.04,24.682858
2905,29.05,24.709835
2906,29.06,24.621868
2907,29.07,24.467766
2908,29.08,24.508427
2909,29.09,24.68108
2910,29.1,24.235218
2911,29.11,24.78294
2912,29.12,24.872837
2913,29.13,24.619778
2914,29.14,24.584114
2915,29.15,24.745419
2916,29.16,24.412685
2917,29.17,24.696344
2918,29.18,25.011822
2919,29.19,24.719221
2920,29.2,24.782288
2921,29.21,24.839293
2922,29.22,24.57584
2923,29.23,24.88055
2924,29.24,24.85873
2925,29.25,24.974218
2926,29.26,24.742666
2927,29.27,24.88869
2928,29.28,25.008417
2929,29.29,24.536224
2930,29.3,24.7533
2931,29.31,24.848585
2932,29.32,24.622765
2933,29.33,24.554892
2934,29.34,24.536297
2935,29.35,24.481922
2936,29.36,24.15271
2937,29.37,24.483912
2938,29.38,24.331795
2939,29.39,24.299145
2940,29.4,24.11761
2941,29.41,24.032055
2942,29.42,24.340914
2943,29.43,24.375088
2944,29.44,24.710413
2945,29.45,24.45035
2946,29.46,24.312784
2947,29.47,24.244299
2948,29.48,24.368937
2949,29.49,24.527521
2950,29.5,24.426657
2951,29.51,24.664524
2952,29.52,24.587372
2953,29.53,24.708574
2954,29.54,24.38276
2955,29.55,24.120127
2956,29.56,24.500807
2957,29.57,24.720066
2958,29.58,24.48866
2959,29.59,24.326702
2960,29.6,24.175161
2961,29.61,24.527126
2962,29.62,24.370434
2963,29.63,24.301079
2964,29.64,24.65112
2965,29.65,24.561348
2966,29.66,24.424984
2967,29.67,24.357492
2968,29.68,24.158802
2969,29.69,24.292572
2970,29.7,24.230312
2971,29.71,24.440916
2972,29.72,24.41931
2973,29.73,24.63654
2974,29.74,24.53804
2975,29.75,24.07883
2976,29.76,24.41662
2977,29.77,24.42715
2978,29.78,24.666084
2979,29.79,24.830318
2980,29.8,24.812431
2981,29.81,24.524712
2982,29.82,24.272774
2983,29.83,24.019028
2984,29.84,24.291126
2985,29.85,24.272367
2986,29.86,24.116291
2987,29.87,24.129635
2988,29.88,24.788136
2989,29.89,24.696732
2990,29.9,24.533688
2991,29.91,24.729345
2992,29.92,24.323421
2993,29.93,24.476696
2994,29.94,24.606089
2995,29.95,24.72193
2996,29.96,24.938251
2997,29.97,24.519524
2998,29.98,24.557
2999,29.99,24.71576
3000,30.0,24.615583
3001,30.01,24.400892
3002,30.02,24.592043
3003,30.03,24.914568
3004,30.04,24.425682
3005,30.05,24.350534
3006,30.06,24.759884
3007,30.07,24.497757
3008,30.08,24.651001
3009,30.09,24.81526
3010,30.1,24.61159
3011,30.11,24.65801
3012,30.12,24.658764
3013,30.13,24.883715
3014,30.14,24.759075
3015,30.15,24.363886
3016,30.16,24.418001
3017,30.17,24.676111
3018,30.18,24.322176
3019,30.19,24.471653
3020,30.2,24.577158
3021,30.21,24.555485
3022,30.22,24.748486
3023,30.23,24.594559
3024,30.24,24.386353
3025,30.25,24.276005
3026,30.26,24.399536
3027,30.27,24.445206
3028,30.28,24.482714
3029,30.29,24.52612
3030,30.3,24.763744
3031,30.31,24.676619
3032,30.32,24.49361
3033,30.33,24.250368
3034,30.34,24.138855
3035,30.35,24.472956
3036,30.36,24.294151
3037,30.37,24.061255
3038,30.38,24.197525
3039,30.39,24.376966
3040,30.4,24.957827
3041,30.41,24.506927
3042,30.42,24.850344
3043,30.43,24.7831
3044,30.44,24.82509
3045,30.45,24.899704
3046,30.46,25.07655
3047,30.47,24.706987
3048,30.48,24.544104
3049,30.49,24.70123
3050,30.5,24.500206
3051,30.51,24.66589
3052,30.52,24.843035
3053,30.53,24.816208
3054,30.54,25.168758
3055,30.55,24.810497
3056,30.56,25.074621
3057,30.57,24.939075
3058,30.58,25.117842
3059,30.59,24.973293
3060,30.6,25.127657
3061,30.61,25.339859
3062,30.62,24.988354
3063,30.63,24.63198
3064,30.64,24.44882
3065,30.65,24.519724
3066,30.66,24.834782
3067,30.67,24.559467
3068,30.68,24.621973
3069,30.69,24.469677
3070,30.7,24.381378
3071,30.71,24.403507
3072,30.72,24.247667
3073,30.73,24.574884
3074,30.74,24.54512
3075,30.75,24.682884
3076,30.76,24.853899
3077,30.77,24.619228
3078,30.78,24.794367
3079,30.79,24.86359
3080,30.8,24.659603
3081,30.81,24.721855
3082,30.82,24.460125
3083,30.83,24.774689
3084,30.84,24.58205
3085,30.85,24.454367
3086,30.86,24.625053
3087,30.87,24.729702
3088,30.88,24.130907
3089,30.89,24.178541
3090,30.9,24.057827
3091,30.91,24.057348
3092,30.92,24.282095
3093,30.93,24.283474
3094,30.94,24.515018
3095,30.95,24.31925
3096,30.96,23.87786
3097,30.97,24.126331
3098,30.98,23.883968
3099,30.99,23.635166
3100,31.0,23.544018
3101,31.01,23.935202
3102,31.02,24.22652
3103,31.03,24.057013
3104,31.04,23.891335
3105,31.05,24.142788
3106,31.06,24.012682
3107,31.07,24.427544
3108,31.08,24.634571
3109,31.09,24.404015
3110,31.1,24.505386
3111,31.11,24.471586
3112,31.12,24.179312
3113,31.13,24.170208
3114,31.14,24.36353
3115,31.15,24.295477
3116,31.16,24.388845
3117,31.17,24.78396
3118,31.18,24.799252
3119,31.19,24.411228
3120,31.2,24.451376
3121,31.21,24.512281
3122,31.22,24.386028
3123,31.23,23.944014
3124,31.24,23.885086
3125,31.25,23.987572
3126,31.26,24.406702
3127,31.27,24.56268
3128,31.28,24.526142
3129,31.29,24.379932
3130,31.3,24.67928
3131,31.31,24.689978
3132,31.32,24.807657
3133,31.33,24.642176
3134,31.34,24.646532
3135,31.35,24.533636
3136,31.36,24.697395
3137,31.37,24.957823
3138,31.38,24.748623
3139,31.39,24.484644
3140,31.4,24.792847
3141,31.41,24.697159
3142,31.42,24.606297
3143,31.43,24.582329
3144,31.44,24.314426
3145,31.45,24.304556
3146,31.46,24.400267
3147,31.47,24.400013
3148,31.48,24.575237
3149,31.49,24.517399
3150,31.5,24.466227
3151,31.51,24.695158
3152,31.52,24.295284
3153,31.53,24.710794
3154,31.54,24.916527
3155,31.55,24.97091
3156,31.56,24.7927
3157,31.57,24.541126
3158,31.58,24.927887
3159,31.59,24.489548
3160,31.6,24.33325
3161,31.61,24.281652
3162,31.62,24.30722
3163,31.63,24.351912
3164,31.64,25.006895
3165,31.65,24.945036
3166,31.66,24.609356
3167,31.67,24.645573
3168,31.68,24.617144
3169,31.69,25.006618
3170,31.7,24.42823
3171,31.71,24.138645
3172,31.72,24.0306
3173,31.73,24.200045
3174,31.74,24.085278
3175,31.75,24.04468
3176,31.76,24.249836
3177,31.77,24.36414
3178,31.78,24.481016
3179,31.79,24.679148
3180,31.8,24.520273
3181,31.81,24.900467
3182,31.82,24.843817
3183,31.83,25.017986
3184,31.84,24.99406
3185,31.85,25.077997
3186,31.86,24.531755
3187,31.87,24.385302
3188,31.88,24.28551
3189,31.89,24.02857
3190,31.9,24.093582
3191,31.91,24.007988
3192,31.92,24.453167
3193,31.93,24.446999
3194,31.94,24.257582
3195,31.95,23.972486
3196,31.96,24.111208
3197,31.97,23.960148
3198,31.98,23.8739
3199,31.99,23.92428
3200,32.0,24.309898
3201,32.01,24.41414
3202,32.02,24.533077
3203,32.03,24.445107
3204,32.04,24.449606
3205,32.05,24.296879
3206,32.06,24.234211
3207,32.07,24.612392
3208,32.08,24.790445
3209,32.09,24.649967
3210,32.1,24.845646
3211,32.11,24.823503
3212,32.12,24.620413
3213,32.13,24.632633
3214,32.14,24.273191
3215,32.15,24.16685
3216,32.16,24.187197
3217,32.17,24.179659
3218,32.18,24.366856
3219,32.19,24.341108
3220,32.2,24.475988
3221,32.21,24.588282
3222,32.22,24.831081
3223,32.23,25.126652
3224,32.24,25.141598
3225,32.25,25.208115
3226,32.26,24.774809
3227,32.27,24.821352
3228,32.28,24.581945
3229,32.29,24.566761
3230,32.3,24.605114
3231,32.31,24.453497
3232,32.32,24.140451
3233,32.33,23.829424
3234,32.34,24.386778
3235,32.35,24.503645
3236,32.36,24.47267
3237,32.37,24.405766
3238,32.38,24.681879
3239,32.39,24.564077
3240,32.4,24.339222
3241,32.41,24.181454
3242,32.42,24.337152
3243,32.43,24.41248
3244,32.44,23.870237
3245,32.45,24.31783
3246,32.46,24.071857
3247,32.47,24.035208
3248,32.48,24.146185
3249,32.49,24.217241
3250,32.5,24.280445
3251,32.51,24.369404
3252,32.52,23.723057
3253,32.53,24.444387
3254,32.54,24.334972
3255,32.55,24.117483
3256,32.56,24.386396
3257,32.57,24.400833
3258,32.58,24.419737
3259,32.59,24.704134
3260,32.6,24.442265
3261,32.61,24.496984
3262,32.62,23.879301
3263,32.63,23.78482
3264,32.64,23.451187
3265,32.65,23.958588
3266,32.66,23.955168
3267,32.67,23.771029
3268,32.68,23.9772
3269,32.69,24.098827
3270,32.7,24.258854
3271,32.71,24.629223
3272,32.72,24.737614
3273,32.73,24.80385
3274,32.74,24.543737
3275,32.75,24.32987
3276,32.76,24.389404
3277,32.77,24.384838
3278,32.78,24.171223
3279,32.79,24.139292
3280,32.8,24.01163
3281,32.81,24.049913
3282,32.82,24.233921
3283,32.83,24.39136
3284,32.84,24.276695
3285,32.85,24.36781
3286,32.86,24.340576
3287,32.87,24.261051
3288,32.88,23.938452
3289,32.89,24.04955
3290,32.9,24.090954
3291,32.91,23.829412
3292,32.92,24.101677
3293,32.93,23.999979
3294,32.94,23.805819
3295,32.95,23.913578
3296,32.96,23.772228
3297,32.97,23.715921
3298,32.98,23.917538
3299,32.99,23.619608
3300,33.0,23.974512
3301,33.01,23.85462
3302,33.02,24.467104
3303,33.03,24.424803
3304,33.04,24.429173
3305,33.05,24.51823
3306,33.06,24.031418
3307,33.07,24.156986
3308,33.08,24.170673
3309,33.09,24.185583
3310,33.1,24.06727
3311,33.11,24.131813
3312,33.12,24.220287
3313,33.13,23.999422
3314,33.14,23.912405
3315,33.15,24.147152
3316,33.16,24.526157
3317,33.17,24.713017
3318,33.18,24.669746
3319,33.19,24.360012
3320,33.2,24.45866
3321,33.21,24.30341
3322,33.22,24.286308
3323,33.23,24.292707
3324,33.24,24.407648
3325,33.25,24.329762
3326,33.26,24.139702
3327,33.27,24.553032
3328,33.28,24.411196
3329,33.29,24.44296
3330,33.3,24.129156
3331,33.31,24.25299
3332,33.32,24.532673
3333,33.33,24.38831
3334,33.34,24.281122
3335,33.35,24.430166
3336,33.36,24.679592
3337,33.37,24.595892
3338,33.38,24.421892
3339,33.39,24.178226
3340,33.4,24.177788
3341,33.41,24.331518
3342,33.42,24.397938
3343,33.43,24.369318
3344,33.44,24.40299
3345,33.45,24.49753
3346,33.46,24.23854
3347,33.47,24.060768
3348,33.48,24.55017
3349,33.49,24.895214
3350,33.5,24.493023
3351,33.51,24.511263
3352,33.52,24.642591
3353,33.53,24.486843
3354,33.54,24.575788
3355,33.55,24.45299
3356,33.56,24.69262
3357,33.57,24.658722
3358,33.58,25.057037
3359,33.59,24.758516
3360,33.6,24.545614
3361,33.61,24.479574
3362,33.62,24.198095
3363,33.63,24.274998
3364,33.64,24.50651
3365,33.65,24.40728
3366,33.66,24.39883
3367,33.67,24.278751
3368,33.68,24.548223
3369,33.69,24.368332
3370,33.7,24.410282
3371,33.71,24.208286
3372,33.72,24.509739
3373,33.73,24.335756
3374,33.74,24.327274
3375,33.75,24.187805
3376,33.76,24.285444
3377,33.77,24.241789
3378,33.78,24.282907
3379,33.79,24.031155
3380,33.8,24.072094
3381,33.81,24.02366
3382,33.82,24.077675
3383,33.83,23.94151
3384,33.84,23.974487
3385,33.85,24.632198
3386,33.86,25.076107
3387,33.87,24.63868
3388,33.88,24.605715
3389,33.89,24.473982
3390,33.9,24.369648
3391,33.91,24.698078
3392,33.92,24.347002
3393,33.93,24.471272
3394,33.94,24.291649
3395,33.95,23.851068
3396,33.96,23.950832
3397,33.97,24.071133
3398,33.98,24.323492
3399,33.99,24.665369
3400,34.0,24.390089
3401,34.01,24.15615
3402,34.02,24.225813
3403,34.03,24.539188
3404,34.04,24.512094
3405,34.05,24.711544
3406,34.06,24.426863
3407,34.07,24.560793
3408,34.08,24.358654
3409,34.09,24.277918
3410,34.1,24.313051
3411,34.11,24.39126
3412,34.12,24.383778
3413,34.13,24.459553
3414,34.14,24.62906
3415,34.15,24.365772
3416,34.16,24.407177
3417,34.17,24.479767
3418,34.18,24.303144
3419,34.19,24.413322
3420,34.2,24.270834
3421,34.21,24.301321
3422,34.22,24.33894
3423,34.23,24.472992
3424,34.24,24.553572
3425,34.25,24.481548
3426,34.26,24.33221
3427,34.27,24.58674
3428,34.28,24.372381
3429,34.29,24.435925
3430,34.3,24.615208
3431,34.31,24.427282
3432,34.32,24.574244
3433,34.33,24.594906
3434,34.34,24.812963
3435,34.35,25.035595
3436,34.36,24.682507
3437,34.37,24.952312
3438,34.38,24.80353
3439,34.39,24.702517
3440,34.4,24.37113
3441,34.41,24.243015
3442,34.42,24.500187
3443,34.43,24.309015
3444,34.44,24.591099
3445,34.45,24.527428
3446,34.46,24.465363
3447,34.47,24.245975
3448,34.48,23.86855
3449,34.49,23.886711
3450,34.5,24.047352
3451,34.51,24.378813
3452,34.52,24.075817
3453,34.53,24.06731
3454,34.54,24.292576
3455,34.55,24.254196
3456,34.56,24.460999
3457,34.57,24.090773
3458,34.58,24.289503
3459,34.59,24.13255
3460,34.6,24.247965
3461,34.61,24.20782
3462,34.62,24.40175
3463,34.63,24.297007
3464,34.64,24.191696
3465,34.65,24.017231
3466,34.66,24.008821
3467,34.67,24.233788
3468,34.68,24.287355
3469,34.69,24.413769
3470,34.7,24.234886
3471,34.71,24.265877
3472,34.72,24.329191
3473,34.73,23.902071
3474,34.74,24.02358
3475,34.75,24.111794
3476,34.76,24.33208
3477,34.77,24.759174
3478,34.78,24.800184
3479,34.79,24.628681
3480,34.8,24.512486
3481,34.81,24.61573
3482,34.82,24.262125
3483,34.83,24.564053
3484,34.84,24.958977
3485,34.85,24.721874
3486,34.86,24.582834
3487,34.87,24.59166
3488,34.88,24.839485
3489,34.89,24.676378
3490,34.9,24.653149
3491,34.91,24.617079
3492,34.92,24.543968
3493,34.93,24.29617
3494,34.94,24.157757
3495,34.95,24.20612
3496,34.96,24.067457
3497,34.97,24.116478
3498,34.98,24.08392
3499,34.99,24.433905
3500,35.0,24.705235
3501,35.01,24.771883
3502,35.02,24.278406
3503,35.03,24.442036
3504,35.04,23.96495
3505,35.05,23.672815
3506,35.06,23.516985
3507,35.07,23.915653
3508,35.08,24.061602
3509,35.09,23.875168
3510,35.1,23.743883
3511,35.11,24.128124
3512,35.12,24.82352
3513,35.13,24.44803
3514,35.14,24.330809
3515,35.15,24.541555
3516,35.16,24.348644
3517,35.17,24.045345
3518,35.18,23.828255
3519,35.19,24.339275
3520,35.2,24.58363
3521,35.21,24.298595
3522,35.22,24.115543
3523,35.23,24.48029
3524,35.24,24.125994
3525,35.25,23.852613
3526,35.26,24.050726
3527,35.27,24.143099
3528,35.28,24.082884
3529,35.29,24.68043
3530,35.3,24.68305
3531,35.31,24.793926
3532,35.32,24.746426
3533,35.33,24.795734
3534,35.34,24.826187
3535,35.35,24.467968
3536,35.36,25.165997
3537,35.37,25.261684
3538,35.38,24.951496
3539,35.39,24.647665
3540,35.4,24.363068
3541,35.41,24.141218
3542,35.42,24.265192
3543,35.43,24.778805
3544,35.44,24.667725
3545,35.45,24.520433
3546,35.46,24.066431
3547,35.47,24.454105
3548,35.48,24.598507
3549,35.49,24.62087
3550,35.5,24.614492
3551,35.51,24.590958
3552,35.52,24.670267
3553,35.53,24.476177
3554,35.54,24.419737
3555,35.55,24.377697
3556,35.56,24.418705
3557,35.57,23.939611
3558,35.58,24.01736
3559,35.59,23.784014
3560,35.6,23.96999
3561,35.61,24.010157
3562,35.62,23.990427
3563,35.63,23.766542
3564,35.64,23.790882
3565,35.65,23.923512
3566,35.66,24.13941
3567,35.67,24.426952
3568,35.68,24.71629
3569,35.69,24.198677
3570,35.7,24.235897
3571,35.71,24.167492
3572,35.72,24.043602
3573,35.73,23.627863
3574,35.74,23.578693
3575,35.75,23.596424
3576,35.76,23.510452
3577,35.77,23.873398
3578,35.78,24.311548
3579,35.79,24.04208
3580,35.8,23.761068
3581,35.81,23.821697
3582,35.82,23.364496
3583,35.83,23.595455
3584,35.84,23.878847
3585,35.85,23.945929
3586,35.86,23.964123
3587,35.87,24.324991
3588,35.88,24.535572
3589,35.89,24.819178
3590,35.9,24.731335
3591,35.91,24.470737
3592,35.92,24.525988
3593,35.93,25.0293
3594,35.94,25.145473
3595,35.95,24.628263
3596,35.96,24.03656
3597,35.97,24.08044
3598,35.98,24.286032
3599,35.99,24.291826
3600,36.0,24.438562
3601,36.01,24.31035
3602,36.02,24.461441
3603,36.03,24.272726
3604,36.04,24.36414
3605,36.05,24.589632
3606,36.06,24.858448
3607,36.07,24.685204
3608,36.08,24.643421
3609,36.09,24.35858
3610,36.1,24.265512
3611,36.11,24.33382
3612,36.12,24.499603
3613,36.13,24.676685
3614,36.14,24.292633
3615,36.15,23.988384
3616,36.16,24.00777
3617,36.17,24.20855
3618,36.18,24.07114
3619,36.19,23.992134
3620,36.2,24.063517
3621,36.21,24.275623
3622,36.22,24.194483
3623,36.23,23.884998
3624,36.24,23.899124
3625,36.25,23.681149
3626,36.26,23.547672
3627,36.27,23.575737
3628,36.28,23.564915
3629,36.29,24.280003
3630,36.3,24.366434
3631,36.31,24.218145
3632,36.32,24.147045
3633,36.33,24.371124
3634,36.34,24.15641
3635,36.35,23.897875
3636,36.36,23.955265
3637,36.37,23.814762
3638,36.38,23.673763
3639,36.39,23.487583
3640,36.4,23.769855
3641,36.41,23.75772
3642,36.42,24.033709
3643,36.43,23.82836
3644,36.44,23.650217
3645,36.45,23.711336
3646,36.46,24.1134
3647,36.47,24.135906
3648,36.48,24.237934
3649,36.49,24.598604
3650,36.5,24.700146
3651,36.51,24.919807
3652,36.52,24.982237
3653,36.53,24.849329
3654,36.54,25.1808
3655,36.55,24.909748
3656,36.56,24.74813
3657,36.57,24.59467
3658,36.58,24.626703
3659,36.59,24.202967
3660,36.6,24.18309
3661,36.61,24.623407
3662,36.62,24.792765
3663,36.63,24.60829
3664,36.64,24.496487
3665,36.65,24.223701
3666,36.66,24.07027
3667,36.67,24.10635
3668,36.68,24.014353
3669,36.69,24.196915
3670,36.7,24.101482
3671,36.71,23.91386
3672,36.72,23.977137
3673,36.73,24.221447
3674,36.74,24.374487
3675,36.75,24.164368
3676,36.76,24.404545
3677,36.77,24.40514
3678,36.78,24.734715
3679,36.79,24.972588
3680,36.8,24.94217
3681,36.81,24.876951
3682,36.82,24.77084
3683,36.83,24.900412
3684,36.84,24.980787
3685,36.85,24.453854
3686,36.86,24.424145
3687,36.87,24.319696
3688,36.88,24.146572
3689,36.89,24.3679
3690,36.9,24.037252
3691,36.91,24.360935
3692,36.92,24.402061
3693,36.93,24.458248
3694,36.94,24.22796
3695,36.95,24.372463
3696,36.96,24.674452
3697,36.97,24.114433
3698,36.98,24.070066
3699,36.99,24.09792
3700,37.0,23.907372
3701,37.01,24.038725
3702,37.02,23.832066
3703,37.03,23.821808
3704,37.04,24.103731
3705,37.05,24.290346
3706,37.06,24.174751
3707,37.07,24.343687
3708,37.08,24.239162
3709,37.09,24.213734
3710,37.1,24.383224
3711,37.11,24.531979
3712,37.12,24.437916
3713,37.13,24.36105
3714,37.14,24.221127
3715,37.15,24.183018
3716,37.16,24.279625
3717,37.17,23.905056
3718,37.18,23.978405
3719,37.19,24.024319
3720,37.2,24.062744
3721,37.21,24.166643
3722,37.22,23.720903
3723,37.23,23.65485
3724,37.24,24.06866
3725,37.25,23.815138
3726,37.26,24.216694
3727,37.27,24.11787
3728,37.28,24.155987
3729,37.29,24.203482
3730,37.3,24.041393
3731,37.31,23.842121
3732,37.32,23.556948
3733,37.33,23.572472
3734,37.34,23.796307
3735,37.35,24.108112
3736,37.36,24.859516
3737,37.37,24.455809
3738,37.38,24.424168
3739,37.39,24.441032
3740,37.4,24.46178
3741,37.41,24.491062
3742,37.42,24.346874
3743,37.43,24.395422
3744,37.44,24.59784
3745,37.45,24.173702
3746,37.46,24.162106
3747,37.47,23.736986
3748,37.48,23.74286
3749,37.49,23.871155
3750,37.5,24.588234
3751,37.51,24.260197
3752,37.52,24.244144
3753,37.53,24.631897
3754,37.54,24.730343
3755,37.55,24.328262
3756,37.56,24.157612
3757,37.57,24.24724
3758,37.58,24.04717
3759,37.59,24.228626
3760,37.6,24.010471
3761,37.61,23.934906
3762,37.62,23.708553
3763,37.63,23.873272
3764,37.64,24.193163
3765,37.65,24.172024
3766,37.66,24.032856
3767,37.67,23.910713
3768,37.68,24.098972
3769,37.69,23.952595
3770,37.7,23.578365
3771,37.71,23.633585
3772,37.72,23.723257
3773,37.73,24.074244
3774,37.74,24.10994
3775,37.75,24.139772
3776,37.76,24.402905
3777,37.77,24.332056
3778,37.78,24.378895
3779,37.79,24.493786
3780,37.8,24.241379
3781,37.81,24.27512
3782,37.82,24.410347
3783,37.83,24.593466
3784,37.84,24.890827
3785,37.85,24.697617
3786,37.86,24.438633
3787,37.87,23.959843
3788,37.88,24.072609
3789,37.89,24.205416
3790,37.9,24.015059
3791,37.91,24.082745
3792,37.92,24.224
3793,37.93,24.537373
3794,37.94,24.402002
3795,37.95,24.151546
3796,37.96,24.103853
3797,37.97,24.227945
3798,37.98,24.314045
3799,37.99,24.258413
3800,38.0,24.00874
3801,38.01,24.1891
3802,38.02,24.15986
3803,38.03,24.40665
3804,38.04,24.731377
3805,38.05,24.925442
3806,38.06,24.544197
3807,38.07,25.101788
3808,38.08,24.944466
3809,38.09,24.296618
3810,38.1,24.420193
3811,38.11,24.798393
3812,38.12,24.9984
3813,38.13,24.823442
3814,38.14,24.492977
3815,38.15,24.35438
3816,38.16,24.076923
3817,38.17,24.409264
3818,38.18,24.740982
3819,38.19,24.47798
3820,38.2,24.425182
3821,38.21,24.40598
3822,38.22,24.638187
3823,38.23,24.606403
3824,38.24,24.929335
3825,38.25,24.801804
3826,38.26,24.709496
3827,38.27,24.448969
3828,38.28,24.733778
3829,38.29,24.88078
3830,38.3,24.916847
3831,38.31,24.698477
3832,38.32,24.722569
3833,38.33,24.668974
3834,38.34,24.619905
3835,38.35,24.294449
3836,38.36,23.954424
3837,38.37,23.873152
3838,38.38,23.546185
3839,38.39,23.674053
3840,38.4,24.050346
3841,38.41,24.355333
3842,38.42,24.694874
3843,38.43,24.372587
3844,38.44,24.684742
3845,38.45,24.851833
3846,38.46,24.857777
3847,38.47,24.539408
3848,38.48,24.473064
3849,38.49,24.371082
3850,38.5,24.103481
3851,38.51,24.366629
3852,38.52,24.36288
3853,38.53,24.04205
3854,38.54,24.359402
3855,38.55,24.269604
3856,38.56,24.03307
3857,38.57,24.181831
3858,38.58,24.29114
3859,38.59,24.144733
3860,38.6,24.38134
3861,38.61,24.245808
3862,38.62,24.00522
3863,38.63,24.187239
3864,38.64,24.173222
3865,38.65,24.258152
3866,38.66,24.566149
3867,38.67,24.631985
3868,38.68,24.512472
3869,38.69,24.290142
3870,38.7,24.305897
3871,38.71,24.50188
3872,38.72,24.64304
3873,38.73,24.773773
3874,38.74,24.896753
3875,38.75,24.687183
3876,38.76,24.591068
3877,38.77,24.892303
3878,38.78,24.98592
3879,38.79,24.975555
3880,38.8,24.52707
3881,38.81,24.788298
3882,38.82,24.589611
3883,38.83,24.910675
3884,38.84,24.781507
3885,38.85,24.161352
3886,38.86,24.289759
3887,38.87,24.030804
3888,38.88,24.246311
3889,38.89,24.635145
3890,38.9,24.356785
3891,38.91,24.352259
3892,38.92,24.473713
3893,38.93,24.398365
3894,38.94,24.22578
3895,38.95,24.237337
3896,38.96,24.03511
3897,38.97,24.200356
3898,38.98,24.20038
3899,38.99,24.096388
3900,39.0,24.176847
3901,39.01,23.608833
3902,39.02,23.931438
3903,39.03,24.121044
3904,39.04,23.659512
3905,39.05,23.967508
3906,39.06,24.202208
3907,39.07,24.11733
3908,39.08,24.322615
3909,39.09,24.332436
3910,39.1,24.366581
3911,39.11,24.186853
3912,39.12,24.209032
3913,39.13,24.325397
3914,39.14,24.531616
3915,39.15,24.625454
3916,39.16,24.57279
3917,39.17,24.733814
3918,39.18,24.605896
3919,39.19,24.61031
3920,39.2,24.584715
3921,39.21,24.48194
3922,39.22,24.711193
3923,39.23,24.681116
3924,39.24,24.737392
3925,39.25,24.748804
3926,39.26,24.910637
3927,39.27,24.672432
3928,39.28,24.601252
3929,39.29,24.368631
3930,39.3,24.654879
3931,39.31,24.288952
3932,39.32,24.144526
3933,39.33,24.196278
3934,39.34,23.985958
3935,39.35,23.931355
3936,39.36,24.452171
3937,39.37,24.040611
3938,39.38,24.187622
3939,39.39,24.336391
3940,39.4,24.16026
3941,39.41,24.092468
3942,39.42,24.080423
3943,39.43,23.999182
3944,39.44,23.563883
3945,39.45,23.890795
3946,39.46,24.17411
3947,39.47,24.339005
3948,39.48,24.535418
3949,39.49,24.86467
3950,39.5,24.607208
3951,39.51,24.528332
3952,39.52,24.618814
3953,39.53,24.875797
3954,39.54,24.921381
3955,39.55,24.990322
3956,39.56,24.541761
3957,39.57,24.796415
3958,39.58,24.933453
3959,39.59,25.06369
3960,39.6,25.205307
3961,39.61,25.008987
3962,39.62,25.400616
3963,39.63,24.870403
3964,39.64,24.57863
3965,39.65,24.600368
3966,39.66,24.510527
3967,39.67,24.25082
3968,39.68,24.622696
3969,39.69,24.622513
3970,39.7,24.327774
3971,39.71,24.287012
3972,39.72,24.013195
3973,39.73,24.392332
3974,39.74,24.272066
3975,39.75,24.163044
3976,39.76,24.434128
3977,39.77,24.454254
3978,39.78,24.359509
3979,39.79,24.629719
3980,39.8,24.517084
3981,39.81,24.150553
3982,39.82,24.059664
3983,39.83,24.334381
3984,39.84,24.217463
3985,39.85,24.512877
3986,39.86,24.515606
3987,39.87,24.332129
3988,39.88,24.428083
3989,39.89,24.638996
3990,39.9,24.693287
3991,39.91,25.280613
3992,39.92,25.008877
3993,39.93,25.054392
3994,39.94,24.891949
3995,39.95,24.666449
3996,39.96,24.786116
3997,39.97,24.84382
3998,39.98,24.476032
3999,39.99,24.472609
4000,40.0,24.633774
